0,686,a
0,385,e
0,101,b
0,26,a
0,550,c
0,968,d
0,12,c
0,736,e
1,307,b
1,506,c
1,350,b
1,5,e
1,139,d
1,265,d
1,131,b
1,583,d
1,945,a
1,915,c
1,93,e
1,962,e
1,605,d
2,449,e
2,37,e
2,430,a
2,979,e
2,687,a
2,269,c
2,881,a
2,158,c
3,251,e
3,386,b
3,354,e
3,773,b
3,90,d
3,158,a
3,99,c
3,839,a
3,862,c
3,815,b
4,931,b
4,976,e
4,284,c
4,151,c
5,848,c
5,759,a
5,475,e
5,785,e
5,766,e
5,7,a
5,740,e
5,110,b
5,884,e
6,526,d
6,393,a
6,953,d
6,429,c
6,789,c
6,299,e
6,822,e
6,633,a
6,730,c
6,797,a
6,355,d
7,236,b
7,590,a
7,77,e
7,906,d
7,771,b
7,596,b
7,563,d
7,212,d
7,10,d
7,690,c
8,661,c
8,87,a
8,59,a
8,945,c
8,113,b
8,340,b
8,929,c
9,712,b
9,174,b
9,416,a
9,278,a
9,52,d
9,936,e
9,79,a
9,319,c
9,592,e
9,468,d
9,402,a
10,886,d
10,901,e
10,9,e
10,731,e
10,352,c
10,535,e
10,679,b
10,870,e
10,84,b
10,975,d
10,289,e
10,666,a
10,45,d
10,503,d
10,877,b
10,270,d
10,926,e
10,515,c
10,373,d
10,198,d
10,749,d
11,890,e
11,132,d
11,817,c
11,145,a
11,580,b
11,766,b
11,558,b
11,353,b
11,670,d
11,921,e
12,750,a
12,745,e
12,93,b
12,243,e
12,890,d
12,716,d
12,470,d
12,659,d
12,589,d
12,312,c
12,73,c
12,558,b
13,324,b
13,426,c
13,830,a
14,72,a
14,741,a
14,665,a
14,981,a
14,478,c
14,90,a
14,362,a
14,75,a
14,756,d
14,457,b
14,348,c
14,175,e
14,202,b
14,104,a
15,313,b
15,862,b
15,699,a
15,76,a
15,619,b
15,405,e
15,834,a
16,128,d
16,584,a
16,219,c
16,519,e
16,212,d
16,650,d
16,629,e
16,843,d
16,579,b
17,821,b
17,207,a
17,312,c
17,314,a
17,416,a
17,666,e
17,735,b
18,284,d
18,119,d
18,63,b
18,34,c
18,470,b
18,372,b
18,612,b
18,213,e
19,126,b
19,282,c
19,995,e
19,638,c
19,63,e
19,535,c
19,463,a
19,686,d
19,200,e
19,78,a
19,333,c
19,820,e
19,55,c
20,764,e
20,817,e
20,155,b
20,825,e
20,124,c
21,238,a
21,799,c
21,205,d
21,911,c
21,695,a
21,864,c
21,85,a
21,617,e
21,665,a
21,79,b
21,885,a
21,247,a
22,465,e
22,237,d
22,814,c
22,532,a
22,399,b
22,456,d
23,529,e
23,552,c
23,643,c
23,381,d
23,501,e
23,586,e
23,672,a
23,999,e
23,132,d
23,538,b
23,189,b
23,291,d
23,795,d
24,198,a
24,288,a
24,361,e
24,853,d
24,697,a
24,64,b
24,524,a
24,290,d
24,915,d
24,484,e
24,997,e
24,535,e
24,203,a
24,468,d
25,883,e
25,409,c
25,516,c
25,248,c
25,789,c
26,266,b
26,828,e
26,50,d
26,250,d
26,318,b
26,893,d
26,99,b
26,446,c
26,410,a
26,287,b
27,987,c
27,981,c
27,152,a
27,48,d
27,616,b
27,122,b
27,725,d
27,511,c
27,785,b
27,688,b
27,168,b
27,710,e
28,9,b
28,436,d
28,382,a
28,508,b
28,836,c
28,25,d
28,977,d
28,233,b
28,318,a
29,680,a
29,515,a
29,271,c
29,494,e
29,920,d
29,984,b
29,751,b
29,569,d
29,280,d
29,725,b
29,756,d
29,385,a
29,282,d
29,734,a
29,76,e
29,709,b
30,779,b
30,312,c
30,159,d
30,482,a
30,970,d
30,34,a
31,936,c
31,574,e
31,57,c
31,759,b
31,672,b
31,919,d
31,713,e
31,85,c
31,40,c
31,412,d
31,913,c
32,173,d
32,485,b
32,131,c
32,415,b
32,384,c
32,314,a
32,911,c
32,194,c
32,480,e
32,585,c
32,279,e
33,356,e
33,242,a,d
33,242,a,d
33,607,e
33,515,c
33,78,b
33,570,b
33,434,d
33,105,a
33,837,e
33,916,e
33,461,d
33,577,d
33,597,d
33,383,e
34,99,e
34,38,c
34,738,d
34,775,d
34,932,d
34,826,e
34,934,b
34,207,e
34,259,a
34,587,b
34,23,a
34,321,c
34,153,c
35,362,a
35,329,a
35,365,e
35,832,c
35,62,b
35,691,a
35,63,a
35,23,c
36,908,d
36,969,b
36,294,a
36,515,e
36,48,a
36,458,b
36,517,e
36,634,c
36,574,e
36,3,c
37,165,e
37,850,e
37,753,d
37,88,c
37,909,c
37,807,e
37,576,e
37,183,b
37,341,c
37,130,a
37,617,a
38,982,d
38,523,e
38,124,a
38,530,a
38,118,d
38,687,d
38,351,a
38,479,a
38,710,b
38,469,a
38,701,d
38,883,c
39,693,e
39,502,d
39,528,d
39,971,e
39,354,b
39,401,c
39,983,a
39,1,b
39,319,b
40,563,e
40,962,a
40,253,d
40,493,c
40,738,b
40,371,d
40,303,a
40,165,d
40,114,c
40,897,a
40,623,a
40,619,d
40,996,d
41,128,b
41,713,e
41,756,b
41,614,d
41,596,b
41,653,b
41,93,c
41,669,d
41,682,b
41,496,e
41,354,e
42,288,d
42,52,c
42,475,e
42,723,b
42,459,b
42,469,e
42,323,a
42,160,a
42,134,a
42,821,c
42,595,d
42,311,e
43,135,a
43,308,b
43,407,d
43,674,c
43,388,e
43,733,e
43,925,b
44,906,c
44,441,c
44,305,a
44,384,a
44,174,a
44,129,a
45,55,c
45,694,e
45,810,d
45,402,b
45,805,c
45,191,b
45,137,a
45,619,a
45,700,c
45,718,d
45,64,a
45,292,d
46,847,d
46,272,a
46,173,a
46,204,e
46,119,b
46,909,c
46,729,d
46,571,b
46,380,d
46,3,c
46,423,b
46,356,b
46,98,a
46,363,a
46,612,b
47,410,b
47,504,c
47,622,c
47,183,e
47,931,e
47,697,a
47,355,a
47,90,a
47,924,a
47,385,e
48,72,b
48,782,e
48,757,b
48,980,a
48,459,e
48,568,a
48,198,c
48,623,d
48,742,c
48,722,e
48,984,d
48,611,a
49,836,d
49,787,a
49,44,e
49,790,a
49,718,b
49,713,c
49,683,e
49,232,a
49,988,b
49,885,d
49,371,e
49,445,d
50,457,c
50,762,c
50,155,c
50,269,e
50,231,d
50,90,e
50,951,e
50,662,a
50,763,b
50,847,b
50,171,c
50,582,e
50,849,d
51,528,b
51,963,b
51,953,a
51,400,c
51,129,a
51,929,b
51,369,c
51,387,a
51,993,c
51,88,a
52,241,c
52,231,d
52,469,d
52,24,e
52,256,c
52,900,d
53,479,c
53,359,b
53,470,c
53,983,c
53,556,c
53,707,b
53,729,a
54,352,a
54,258,b
54,984,e
54,28,a
54,276,c
54,0,b
54,944,a
54,16,e
54,898,a
54,460,b
54,817,c
54,269,e
54,985,c
54,793,c
54,169,b
55,565,b
55,123,c
55,933,c
55,314,a
55,530,e
55,326,c
55,982,d
55,728,c
55,994,d
55,970,d
56,241,c
56,45,a
56,415,c
56,581,e
56,672,c
56,114,a
56,803,d
56,827,c
56,138,c
57,886,c
57,204,c
57,858,e
57,969,b
57,845,c
57,310,a
57,543,a
57,441,d
57,70,a
57,162,e
57,348,e
58,31,d
58,883,b
58,746,c
58,823,a
58,989,e
58,460,e
58,372,a
58,337,a
58,730,a
58,393,e
58,307,e
58,533,a
58,770,e
58,305,d
58,244,a
58,705,a
59,245,d
59,407,b
59,289,d
59,406,b
59,307,d
59,380,e
59,569,d
59,616,b
59,287,d
59,596,b
59,973,d
59,99,a
59,748,b
59,541,b
59,247,b
60,661,e
60,547,a
60,849,d
60,413,a
60,335,a
60,848,a
60,330,b
60,391,a
60,157,c
60,971,b
60,25,a
60,993,c
61,621,e
61,665,d
61,139,c
61,670,a
61,715,a
61,46,a
61,386,b
61,147,e
61,409,a
61,99,d
62,396,a
62,471,d
62,885,b
62,736,d
62,198,c
62,727,c
62,671,b
62,938,d
62,535,b
62,949,d
63,260,b
63,460,e
63,530,a
63,349,b
64,744,e
64,45,b
64,970,e
64,330,d
64,304,b
64,489,a
64,156,c
64,852,a
64,338,a
64,89,a
64,389,d
64,538,d
65,646,b
65,825,a
65,934,a
65,747,d
65,102,d
65,777,d
65,389,a
66,523,c
66,938,b
66,212,b
66,88,b
66,175,d
66,940,e
66,130,a
67,438,d
67,545,b
67,877,b
67,296,b
67,618,b
67,914,a
67,828,b
67,472,e
67,338,c
68,463,c
68,506,d
68,986,b
68,832,c
68,805,d
68,629,a
68,630,d
69,132,a
69,261,b
69,438,c
69,5,c
69,692,d
69,374,e
69,573,b
69,224,e
69,846,e
70,900,e
70,406,d
70,326,c
70,98,c
70,335,a
70,853,d
70,755,c
70,678,c
70,60,d
70,470,a
70,971,b
70,598,e
70,528,d
71,46,e
71,374,d
71,124,c
71,569,a
71,398,a
71,759,e
71,904,b
71,235,d
71,485,b
72,535,b
72,36,b
72,768,a
72,57,a
72,735,b
72,411,a
72,790,d
73,304,c
73,879,d
73,441,c
73,984,b
73,363,c
73,842,e
73,234,b
73,573,b
73,421,b
73,509,e
73,583,a
74,474,e
74,62,c
74,412,a
74,934,e
74,467,a
74,374,c
74,869,a
74,870,b
74,938,a
75,614,e,c
75,614,e,c
75,665,b
75,288,c
75,453,e
75,477,c
75,691,b
75,357,b
75,80,a
75,419,c
75,544,e
75,96,d
76,455,d
76,472,b
76,501,a
76,205,e
76,5,c
76,977,b
76,314,e
76,809,e
76,754,b
76,742,c
76,530,b
76,106,e
76,441,d
76,28,a
77,695,d
77,567,c
77,275,e
77,971,b
77,154,b
77,150,c
77,428,d
78,797,e
78,538,e
78,304,a
78,157,a
78,665,d
78,635,d
78,655,a
78,724,e
78,327,a
78,507,c
78,156,d
79,438,b
79,509,b
79,164,c
79,912,a
79,89,e
80,803,b
80,367,c
80,597,d
80,605,c
80,431,a
80,453,d
80,15,b
80,237,b
81,200,b
81,797,e
81,973,d
81,654,c
81,721,d
81,557,b
81,512,c
81,285,e
82,617,d
82,182,e
82,548,e
82,148,b
82,170,c
82,690,a
83,300,d
83,62,a
83,389,a
83,333,c
83,408,b
83,363,b
83,985,b
83,65,a
83,535,e
84,192,a
84,934,b
84,688,d
84,437,e
84,824,d
84,873,a
84,433,e
85,65,d
85,103,e
85,850,a
85,387,c
85,742,d
85,924,e
85,816,b
86,47,d
86,46,e
86,344,e
86,982,c
86,675,e
86,636,c
86,831,a
87,459,b
87,663,b
87,919,c
87,156,a
87,981,b
87,995,c
87,163,e
87,860,b
87,50,d
87,413,c
88,236,b
88,839,c
88,609,b
88,966,b
88,32,a
88,674,c
88,723,c
89,999,e
89,765,d
89,766,a
89,348,a
89,151,b
89,702,a
89,635,d
89,661,c
89,535,c
89,591,c
89,873,e
89,300,c
89,419,a
90,974,d
90,125,e
90,511,e
90,625,a
90,665,d
90,280,c
91,685,d
91,26,d
91,849,d
91,928,c
91,739,d
91,860,b
91,751,a
92,661,c
92,764,b
92,795,a
92,796,d
92,809,a
92,818,b
92,888,d
92,287,b
92,392,c
92,713,e
93,89,e
93,984,d
93,474,b
93,148,b
93,157,d
93,950,b
93,805,a
93,827,d
93,788,c
93,760,e
93,657,c
93,444,a
94,19,d
94,553,b
94,837,e
94,276,b
94,583,b
94,902,d
94,698,d
95,886,a
95,634,b
95,346,a
95,955,b
95,968,d
95,429,b
95,68,d
95,227,a
95,744,e
95,908,e
96,438,c
96,425,a
96,953,e
96,757,c
96,910,e
96,124,b
96,310,b
96,800,a
96,281,c
96,87,c
97,347,e
97,740,e
97,266,e
97,549,b
97,524,c
97,967,b
97,819,c
97,491,a
97,708,d
97,189,e
98,674,e
98,722,d
98,279,e
98,14,d
98,156,e
98,376,a
98,166,d
98,359,b
98,579,e
98,853,c
98,873,d
98,753,c
99,218,a
99,869,a
99,845,a
99,634,c
99,829,a
99,145,a
99,706,a
99,936,e
99,113,e
99,727,c
99,810,b
99,198,e
99,184,d
99,205,d
99,650,a
99,472,b
99,714,d
100,70,a
100,618,c
100,953,b
100,714,d
100,922,c
100,911,e
100,457,b
100,511,d
101,470,c
101,136,b
101,748,d
101,756,b
101,600,a
101,777,b
101,747,b
101,443,b
101,253,c
102,603,a
102,506,d
102,799,c
102,181,d
102,416,e
102,129,d
102,680,e
102,838,e
103,586,e
103,785,d
103,468,b
103,897,c
103,443,b
103,959,b
103,584,d
103,781,e
103,199,a
103,399,a
104,680,b
104,242,c
104,693,d
104,62,c
104,679,d
104,467,c
104,264,b
104,92,b
104,823,d
104,940,a
104,854,b
105,229,c
105,62,d
105,13,a
105,672,d
105,969,d
105,217,c
105,60,c
105,748,b
105,215,e
106,514,e
106,280,e
106,51,a
106,875,d
106,925,d
106,763,d
106,847,e
106,253,b
107,138,a
107,607,a
107,359,d
107,105,c
107,574,e
107,633,e
107,408,e
107,818,b
107,43,e
107,964,b
107,924,e
108,251,b
108,16,e
108,418,b
108,753,a
108,819,b
108,680,c
108,745,d
108,861,c
108,329,c
108,550,b
108,903,e
108,535,b
108,342,d
109,601,d
109,593,c
109,330,a
109,390,a
109,184,a
109,33,a
109,269,c
110,840,b
110,281,c
110,429,d
110,621,d
110,850,d
110,638,e
110,338,b
110,891,c
110,670,b
111,221,a
111,802,e
111,895,c
111,907,a
111,345,b
111,369,a
111,267,b
111,632,b
111,19,d
111,892,a
111,784,a
111,955,c
111,866,b
112,17,e
112,636,a
112,893,b
112,8,a
112,925,d
112,924,e
112,821,c
113,70,c
113,485,e
113,20,a
113,468,e
113,478,b
113,116,b
113,196,c
113,819,a
113,82,d
113,651,a
113,154,c
113,747,c
113,628,b
113,537,e
114,413,b
114,826,b
114,14,a
114,9,e
114,744,e
114,297,c
114,475,c
114,430,a
115,348,e
115,32,c
115,897,d
115,354,a
115,20,c
115,16,d
115,986,d
115,939,d
115,378,a
115,581,c
115,249,d
115,174,a
115,852,e
116,582,a
116,792,d
116,580,a
116,492,b
116,207,c
116,298,d
116,371,e
116,436,c
116,319,e
117,405,a
117,21,a
117,945,c
117,174,b
117,343,a
118,518,d
118,306,d
118,0,d
118,4,e
118,37,d
119,93,e
119,138,e
119,419,a
119,120,e
119,764,d
119,240,d
119,798,d
119,39,c
119,914,c
119,297,b
119,238,a
120,807,e
120,731,d
120,88,e
120,212,c
120,812,d
120,792,b
120,368,d
120,312,b
120,216,e
120,83,b
121,282,a
121,58,b
121,561,c
121,824,a
121,999,c
121,479,c
121,270,d
121,492,b
122,600,e
122,185,a
122,925,e
122,93,c
122,433,a
122,100,d
122,935,d
122,145,e
122,479,c
122,920,e
122,419,e
122,3,a
123,636,c
123,750,d
123,59,c
123,671,e
123,938,b
123,7,a
123,865,b
123,975,e
123,203,b
123,169,d
123,714,c
124,447,d
124,272,e
124,530,a
124,611,b
124,727,a
124,174,e
124,525,b
124,291,b
125,548,a
125,426,b
125,331,b
125,97,d
125,892,a
125,318,d
125,330,c
125,435,a
125,217,e
125,556,c
125,202,a
125,978,b
126,870,c
126,321,d
126,887,e
126,230,c
126,848,d
126,997,d
126,844,e
126,877,a
127,151,c
127,7,b
127,230,e
127,625,d
127,669,b
127,106,a
127,80,a
127,486,b
127,246,a
127,984,b
127,692,a
127,903,d
127,97,c
127,443,c
127,454,b
128,20,d
128,366,e
128,272,b
128,925,d
128,342,c
128,783,e
129,510,b
129,638,a
129,860,b
129,91,b
129,720,b
129,480,a
129,168,b
129,760,b
129,68,b
129,828,a
130,507,c
130,916,a
130,404,c
130,822,d
130,712,e
130,430,a
130,366,e
130,877,d
131,1,a
131,538,b
131,396,a
131,471,d
131,457,a
131,988,c
131,641,a
131,313,e
131,458,c
131,18,a
131,784,b
132,549,a
132,736,e
132,463,a
132,188,d
133,277,b
133,716,c
133,730,c
133,978,d,a
133,978,d,a
133,152,a
133,808,c
133,670,d
133,606,b
133,169,e
133,400,e
134,635,c
134,133,e
134,686,c
134,385,b
134,717,a
134,861,d
134,370,b
135,509,a
135,419,b
135,948,a
135,859,b
135,344,a
135,396,b
135,322,b
135,194,a
135,325,d
136,170,b
136,135,e
136,90,e
136,258,d
136,183,a
136,486,e
136,667,e
136,424,c
136,770,a
136,791,a
137,7,d
137,288,d
137,356,a
137,776,e
137,351,a
137,572,c
137,480,e
137,111,b
137,347,c
137,259,a
138,472,b
138,803,d
138,78,e
138,455,e
138,576,c
138,158,a
138,560,c
139,112,c
139,61,a
139,761,a
139,461,e
139,326,c
139,512,e
139,628,b
139,781,d
139,916,b
139,60,e
139,381,c
139,28,e
139,632,c
140,310,d
140,78,c
140,120,d
140,837,d
140,798,c
140,24,c
140,269,b
140,65,b
140,473,a
141,626,a
141,367,d
141,640,d
141,729,b
141,156,c
141,259,d
141,808,a
142,899,c
142,89,b
142,834,b
142,787,c
142,981,c
142,241,c
142,794,b
142,309,c
143,891,b
143,372,b
143,240,e
143,642,d
143,149,b
143,151,d
143,159,a
143,818,a
143,362,e
143,178,a
143,342,b
143,799,b
143,915,d
143,45,a
143,468,d
143,60,d
144,810,b
144,157,d
144,153,c
144,516,b
144,452,e
144,236,b
144,566,a
144,647,c
144,275,e
144,147,c
144,574,b
144,847,b
144,525,b
144,315,c
145,622,e
145,809,a
145,32,a
145,276,a
145,683,b
145,359,b
145,580,b
145,99,a
145,748,e
145,583,e
145,846,d
145,130,c
145,612,e
145,561,a
145,949,e
145,222,b
145,794,b
146,647,b
146,776,e
146,607,b
146,162,a
146,837,d
146,623,c
146,222,a
146,238,a
147,411,a
147,311,a
147,463,a
147,993,e
147,285,d
147,756,b
147,576,e
147,59,a
147,967,e
147,467,b
147,888,a
147,852,c
147,738,e
147,173,a
148,772,c
148,69,c
148,340,b
148,531,b
148,915,e
148,329,c
148,66,d
148,80,c
148,658,a
148,996,d
149,921,d
149,310,c
149,866,c
149,262,e
149,166,c
149,72,b
149,477,c
149,993,a
149,71,a
149,323,d
149,282,c
150,192,d
150,382,b
150,444,a
150,997,b
150,224,b
150,96,d
150,95,e
151,717,d
151,85,b
151,147,a
151,874,c
151,11,b,d
151,11,b,d
151,134,a
151,711,b
151,679,b
151,34,a
151,267,d
151,165,a
151,856,c
152,613,d
152,62,a
152,298,b
152,272,d
152,487,c
152,160,b
152,266,d
152,920,a
152,495,c
153,282,c
153,107,b
153,652,b
153,133,e
153,855,d
153,425,a
153,577,a
153,74,e
154,257,a
154,195,a
154,555,a
154,599,c
154,701,a
154,496,b
154,330,e
155,364,d
155,633,d
155,664,b
155,683,e
155,466,e
155,712,d
155,8,c
155,827,c
155,741,e
155,642,d
155,259,a
155,575,d
155,873,a
155,760,d
155,24,a
156,752,b
156,841,e
156,758,a
156,176,b
156,330,e,d
156,330,e,d
156,556,c
156,24,a
156,696,b
156,693,c
156,888,c
156,196,b
156,792,c
156,981,a
156,747,e
156,702,e
156,372,e
156,32,e
157,819,b
157,432,d
157,273,c
157,912,d
157,344,b
157,834,c
157,36,d
157,680,a
157,397,d
157,956,d
158,450,d
158,175,a
158,811,b
158,855,a
158,145,e
158,723,e
158,5,c
158,828,b
158,955,d
158,645,e
158,326,b
158,406,d
158,428,c
159,780,d
159,582,d
159,418,d
159,787,d
159,894,c
159,470,c
159,339,d
159,392,d
160,251,a
160,640,b
160,904,c
160,586,d
160,377,e
160,587,e
161,348,c
161,412,b
161,469,b
161,865,e
161,995,e
161,65,c
161,718,e
161,125,b
162,629,b
162,559,c
162,145,c
162,450,e
162,395,a
162,60,b
162,454,c
162,401,b
162,748,b
162,906,d
162,670,b
162,631,a
162,948,c
163,216,c
163,969,e
163,425,d
163,264,c
163,129,e
163,111,e
163,99,d
163,760,c
163,641,a
163,222,a
164,101,c
164,166,d
164,69,a
164,407,d
164,836,a
164,613,c
164,997,a
164,858,b
164,122,c
165,87,e
165,166,e
165,143,d
165,586,e
165,517,c
165,521,b
165,882,c
165,486,a
165,411,c
166,470,d
166,718,a
166,963,b
166,885,b
166,341,b
166,198,c
166,962,c
166,270,d
166,72,a
166,462,e
166,783,e
166,526,e
166,182,b
167,998,e
167,856,e
167,797,e
167,356,a
167,108,b
167,657,e
167,929,a
167,773,e
168,716,e
168,592,d
168,368,e
168,377,e
168,379,d
168,861,d
169,735,b
169,282,a
169,322,b
169,703,a
169,493,d
169,530,d
169,608,d
169,986,c
169,713,c
169,746,c
169,81,b
169,643,a
169,752,e
169,132,d
169,834,a
169,510,c
170,233,a
170,55,a
170,957,c
170,973,d
170,33,d
170,79,a
170,922,b,c
170,922,b,c
170,283,c
170,375,d
170,249,c
170,522,a
170,363,b
170,505,b
170,253,b
170,857,a
171,168,e
171,585,b
171,800,c
171,145,a
171,38,e
171,657,b
171,948,d
171,904,a
171,232,e
171,13,c
171,835,b
171,803,d
171,73,a
171,433,d
172,954,e
172,475,b
172,863,e
172,940,b
172,191,c
172,881,b
172,412,e
172,273,d
172,618,a
172,336,a
172,375,d
173,275,d
173,435,e
173,99,d
173,722,c
173,396,c
173,672,a
173,645,d
174,342,b
174,189,b
174,452,a
174,469,b
174,502,e
174,906,e
174,321,a
174,138,d
174,839,e
175,531,e
175,424,e
175,338,e
175,764,d
175,139,d
175,517,a
175,656,d
175,673,e
176,59,c
176,921,e
176,652,c
176,680,d
176,681,c
176,432,b
177,727,c
177,217,c
177,628,a
177,417,d
177,874,c
177,427,e
177,889,a
177,700,d
177,933,e
177,844,a
178,642,b
178,218,c
178,632,a
178,242,c
178,107,e
178,570,b
178,904,e
178,129,a
178,864,c
179,393,c
179,757,c
179,447,d
179,688,d
179,162,d
179,752,c
179,267,e
179,980,a
179,424,e
179,134,d
179,455,c
180,239,e
180,670,c
180,742,a
180,174,a
180,891,e
180,609,a
180,384,c
180,712,a
180,345,c
180,211,a
180,205,c
180,8,b
180,988,d
180,530,b
180,989,b
180,707,e
181,105,d
181,623,c
181,292,b
181,36,b
181,391,d
181,334,e
181,939,d
181,733,a
181,500,b
182,836,d
182,260,a
182,764,d
182,94,d
182,748,e
182,57,c
182,3,c
182,568,b,e
182,568,b,e
182,552,a
182,293,d
183,789,b
183,994,d
183,983,e
183,723,e
183,114,d
183,736,d
183,222,a
183,79,e
183,808,d
183,648,d
183,992,b
183,327,a
183,365,b
183,672,a
183,611,d
184,387,c
184,733,c
184,588,e
184,922,e
184,921,c
184,815,c
184,47,c
184,627,b
184,620,a
184,472,e
184,526,a
184,569,d
185,353,e
185,250,b
185,182,b
185,376,d
185,198,c
185,48,e
185,563,d
186,650,c
186,564,b
186,9,a
186,534,b
186,92,b
186,52,c
186,843,b
186,553,b
186,450,c
186,912,b
187,566,e
187,568,b
187,310,b
187,611,c
187,710,d
187,988,b
187,3,a
187,771,e
187,550,c
187,443,b
187,492,a
187,116,a
188,375,b
188,38,e
188,796,d
188,823,c
188,5,c
188,293,c
188,420,e
189,323,c
189,259,d
190,503,e
190,577,a
190,649,d
190,15,a
190,705,a
190,456,d
190,785,a
190,801,c
190,444,b
190,298,a
190,792,d
190,65,b
190,413,d
191,999,c
191,622,e
191,840,e
191,60,a
191,689,b
191,570,a
191,748,e
192,522,a
192,859,b
192,833,e
192,160,d
192,73,e
192,24,c
192,790,b
192,534,a
192,840,c
192,622,e
192,717,a
192,115,d
193,42,c
193,513,c
193,604,d
193,968,a
193,354,b
193,408,e
193,803,d
194,501,a
194,550,e
194,268,e
194,817,e
195,750,e
195,986,c
195,224,e
195,399,a
195,389,a
195,783,b
195,912,d
195,196,a
195,608,b
195,123,d
195,541,a
195,947,d
195,988,b
195,910,c
195,829,d
196,539,b
196,288,e
196,89,d
196,752,d
196,551,e
196,782,e
196,189,e
196,580,b
196,765,d
197,442,b
197,253,b
197,352,a
197,425,c
197,32,c
197,779,c
197,75,e
197,227,a
197,379,d
197,634,e
197,664,a
197,372,b
197,223,a
197,963,b
197,975,b
197,156,d
198,992,a
198,838,e
198,869,d
198,295,b
198,727,d
198,994,c
199,60,c
199,845,b
199,125,c
199,980,e
199,716,c
199,142,a
199,292,e
199,340,b
199,824,c
199,394,e
200,618,c
200,213,b
200,636,a
200,539,c
200,401,a
200,248,b
200,238,d
200,517,c
200,36,d
201,276,d
201,280,a
201,78,b
201,664,b
201,934,d
201,541,b
201,30,a
201,351,a
201,53,d
202,640,c
202,38,d
202,477,d
202,701,a
202,888,e
202,660,c
202,860,b
202,690,c
202,863,a
202,625,c
202,590,c
203,986,d
203,886,d
203,93,e
203,901,d
203,157,a
203,797,b
203,975,b
203,193,d
203,14,d
203,834,a
204,547,d
204,301,c
204,951,a
204,798,a
205,100,d
205,667,e
205,448,b
205,629,c
205,831,e
205,204,c
205,649,e
205,17,a
205,137,c
205,504,d
205,519,d
205,807,c
206,991,c
206,964,e
206,875,b
206,154,b
207,689,b
207,418,b
207,325,e
207,603,d
207,949,a
207,763,c
207,441,a
207,368,a
207,335,e
207,346,d
208,566,b
208,319,a
208,28,e
208,390,e
208,859,e
208,249,d
208,914,a
208,3,c
208,705,e
209,918,a
209,503,d
209,158,d
209,766,c
209,650,b
209,632,d
209,817,c
209,275,d
209,646,a
209,554,c
209,739,b
209,19,d
210,149,e
210,962,e
210,683,c
210,507,d
210,504,e
210,634,e
210,610,e
210,936,a
210,984,c
210,845,c
211,967,b
211,298,a
211,20,a
211,8,e
211,191,b
211,115,a
211,356,e
212,636,e
212,449,a
212,880,d
212,809,c
212,72,d
212,391,c
212,150,a
212,235,b
213,500,d
213,5,b
213,765,b
213,15,a
213,556,e
213,738,c
213,608,a
213,836,e
213,180,d
213,368,e
213,954,a
213,357,a
214,929,d
214,407,d
214,501,b
214,237,e
214,526,a
214,180,e
214,328,c
214,827,b
214,31,c
214,884,d
214,811,a
214,670,e
214,266,e
214,830,a
214,759,c
214,295,b
214,290,c
214,685,b
214,185,d
215,175,c
215,317,c,e
215,317,c,e
215,146,d
215,767,b
215,959,c
215,501,d
215,982,b
215,209,d
216,106,c
216,127,a
216,734,d
216,119,d
217,988,c
217,927,d
217,4,c
217,403,e
217,865,c
217,112,e
217,245,a
217,603,a
217,877,c
218,228,a
218,885,c
218,280,c
218,994,c
218,621,d
218,470,d
218,448,d
218,344,d
218,519,b
218,699,c
218,518,d
218,110,d
218,892,a
218,70,d
218,184,d
218,946,e
219,584,e
219,182,e
219,801,c
219,692,c
219,345,a
219,300,e
219,725,c
219,682,a
219,901,c
219,239,b
219,28,b
219,339,a
219,295,c
219,757,e
220,403,c
220,727,d
220,20,a
220,808,e
220,262,b
220,505,c
220,113,b
220,51,e
220,422,d
220,764,a
220,98,a
220,819,c
220,757,b
221,332,b
221,40,a
221,989,c
221,460,b
221,461,e
221,942,a
221,132,d
221,855,a
221,627,a
221,862,d
221,295,a
221,777,e
221,635,b
221,208,c
222,279,b
222,525,e
222,147,a
222,672,d
222,512,e
222,347,e
222,665,b
222,847,c
223,501,e
223,759,e
223,726,c
223,172,c
223,641,d
223,865,c
223,770,d
224,802,d
224,670,a
224,295,c
224,271,a
224,947,b
224,963,c
224,633,a
224,705,a
224,34,a
224,792,d
224,638,a
224,105,c
224,531,c
225,116,d
225,513,e
225,831,c
225,914,d
225,124,b
225,673,b
225,936,e
225,253,a
225,240,a
225,801,a
226,279,a
226,54,b
226,310,e
226,954,a
226,843,a
226,993,c
226,613,d
226,308,c
226,547,a
226,917,a
226,453,e
227,72,b
227,535,c
227,666,b
227,40,a
227,393,c
227,915,d
227,264,b
227,529,e
227,776,d
227,867,b
227,449,c
228,649,e
228,294,b
228,138,a
228,903,b
228,872,b
228,232,e
228,139,e
228,829,e
228,541,a
228,196,b
228,877,a
229,232,c
229,462,d
229,819,a
229,602,b
229,950,d
229,645,d
229,588,a
229,285,d
229,38,e
229,245,a
229,47,a
229,677,d
230,694,a
230,590,c
230,266,b
230,183,c
230,370,c
230,741,e
230,316,d
230,249,d
230,992,a
230,317,b
230,585,b
231,412,d
231,135,d
231,343,a
231,701,e
231,784,b
231,644,e
231,131,b
231,300,e
231,214,d
231,144,b
231,417,b
232,451,e
232,65,e
232,962,e
232,508,b
232,934,c
232,375,d
232,860,e
233,17,d
233,209,d
233,186,b
233,97,a
233,738,e
233,213,d
233,420,e
233,646,a
233,591,d,c
233,591,d,c
233,710,a
233,524,c
233,928,c
233,562,b
233,161,c
233,114,b
233,861,d
234,945,b
234,707,a
234,310,d
234,445,d
234,722,e
234,316,b
234,560,b
234,397,d
234,987,e
235,929,d
235,801,d
235,729,d
235,407,e
235,832,d
236,294,c
236,2,e
236,300,a
236,997,e
236,206,c
236,191,b
236,312,d
236,645,e
236,678,b
237,486,d
237,496,c
237,815,e
237,997,e
237,783,b
237,791,b
238,886,a
238,847,c
238,39,e
238,732,d
238,65,e
239,516,b
239,706,e
239,291,d
239,891,a
239,74,a
239,722,d
239,163,b
239,149,e
239,233,a
239,345,b
239,536,c
239,392,d
240,726,a
240,412,b
240,247,e
240,841,b
240,760,a
240,599,a
241,360,c
241,441,b
241,869,a
241,320,b
241,66,a
241,965,e
241,78,e
242,705,e
242,650,b
242,694,d
242,618,e
242,813,c
243,851,a
243,586,c
243,881,b
243,485,c
243,88,b
243,531,b
243,387,d
244,652,a
244,581,a
244,375,c
244,958,c
244,833,c
244,770,e
244,443,b
244,776,c
244,879,a
244,348,b
244,272,a
244,336,b
244,772,e
244,930,b
245,748,d
245,739,e
245,730,e
245,752,c
245,543,a
245,175,e
245,740,d
245,780,c
245,635,a
245,551,c
245,391,c
246,976,b
246,948,d
246,547,e
246,540,c
246,441,d
247,617,d
247,251,b
247,277,a
247,102,e
247,229,d
247,881,b
247,489,d
247,10,b
247,827,d
248,605,a
248,354,d
248,629,b
248,737,c
248,75,d
248,934,a
248,718,a
248,965,a
248,702,e
249,56,d
249,69,e
249,390,c
249,705,e
249,293,d
249,176,c
249,511,b
249,509,e
250,114,e
250,856,e
250,928,c
250,471,c
250,562,a
250,956,e
250,680,a
250,751,d
250,110,b
251,92,a
251,858,d
251,820,e
251,833,d
251,629,e
251,181,e
251,31,b
251,874,a
251,753,b
251,17,d
251,811,e
252,112,d
252,89,b
252,645,e
252,641,a
252,334,e
252,237,a
252,127,c
252,694,b
252,630,a
253,321,d
253,389,e
253,516,b
253,153,a
253,539,a
253,767,a,e
253,767,a,e
253,997,b
253,921,d
253,342,b
253,622,e
254,655,d
254,569,c
254,975,b
254,29,a
254,274,e
254,756,c
254,989,d
254,352,a
255,233,d
255,420,d
255,299,b
255,383,a
255,513,c
255,656,e
255,938,e
255,535,d
255,694,e
255,186,b
255,508,c
255,636,b
255,780,e
255,705,d
256,424,a
256,224,d
256,853,c
256,843,d
256,17,c
256,860,a
256,297,b
256,740,c
256,422,a
256,475,a
256,404,c
256,421,b
256,160,d
256,927,a
256,208,c
257,165,c
257,250,a
257,200,b
257,201,c
257,394,e
257,700,a
257,281,e
258,413,d
258,64,d
258,189,e
258,931,e
258,26,a
258,248,b
258,613,d
258,441,c
258,935,a
258,389,b
258,404,b
258,410,b
258,124,e
258,453,c
259,258,e
259,115,a
259,642,a
259,658,c
259,640,a
259,87,c
259,838,a
260,624,e
260,117,e
260,994,e
260,705,c
260,341,d
260,571,a
260,586,c
260,0,d
260,600,b
260,307,a
260,373,c
260,412,a
260,682,b
260,340,a
260,875,b
260,521,a
260,251,d
260,24,c
260,206,c
260,350,d
260,112,e
261,505,b
261,362,b
261,524,d
261,738,c
261,338,d
261,476,d
261,491,c
261,60,c
262,211,a
262,860,c
262,478,d
262,276,b
262,554,d
262,694,e
262,804,e
262,58,e
262,686,c
262,719,e
262,996,c
262,122,e
263,63,a
263,966,a
263,148,e
263,381,b
263,278,e
263,767,a
263,924,c
263,668,b
263,241,e
263,650,c
263,507,d
264,73,a
264,623,e
264,905,e
264,976,d
264,493,e
264,32,b
264,735,a
264,440,b
264,326,a
264,906,b
264,665,b
264,25,d
264,83,a
264,926,a
264,886,a
264,697,a
265,93,b
265,107,a
265,886,e
265,835,a
265,715,d
265,557,e
265,532,c
265,509,e
265,50,a
265,356,d
265,171,a
266,445,a
266,276,c
266,544,c
266,577,c
266,259,b
266,279,c
266,974,e
266,718,c
266,492,b
266,180,c
266,708,c
266,409,a
266,896,b
266,530,d
266,704,e
267,125,d
267,126,a
267,90,e
267,315,b
267,769,b
267,176,a
267,333,e
267,989,b
267,330,e
267,919,c
267,383,a
268,704,e
268,498,c
268,646,b
268,815,a
268,34,a
268,785,b
268,645,e
268,757,b
268,782,e
268,674,d
269,934,d
269,642,e
269,89,b
269,100,d
269,734,e
269,178,c
269,303,c
269,591,e
269,122,a
269,596,a
269,840,d
270,259,c
270,317,e
270,989,a
270,209,d
270,423,b
270,9,b
270,669,a
271,65,b
271,864,c
271,252,a
271,128,a
271,846,c
271,776,d
271,599,a
271,309,a
271,304,d
271,799,b
271,211,c
271,605,d
271,541,c
271,324,d
271,244,e
272,400,d
272,787,c
272,606,d
272,44,b
272,69,b
272,458,d
272,505,d
272,942,c
272,16,b
272,833,c
272,370,e
272,525,a
272,961,a
273,208,e
273,30,b
273,941,e
273,214,b
273,41,a
273,711,c
273,256,e
273,840,d
273,966,d
273,861,d
273,554,a
273,81,e
274,312,a
274,87,e
274,423,d
274,761,d
274,748,b
274,770,d
274,569,a
274,904,e
274,444,a
274,336,d
274,641,c
274,295,b
274,443,a
275,184,c
275,949,b
275,969,c
275,667,b
275,24,b
275,621,d
275,450,d
276,302,c
276,85,b
276,902,c
276,355,e
276,168,c
276,126,a
276,609,b
276,894,a
276,962,d
276,18,a
276,498,b
276,289,e
276,826,b
276,751,b
277,590,b
277,68,b
277,803,a
277,381,b
277,607,d
278,138,c
278,252,d
278,358,d
278,485,a
278,334,d
278,322,b
278,203,a
278,106,c
278,36,c
279,10,c
279,991,b
279,189,e
279,438,c
279,60,b
279,397,b
279,551,a
279,591,b
279,599,c
279,704,a
279,759,b
279,269,b
279,866,a
279,929,e
279,267,b
279,142,e
280,342,d
280,463,e
280,30,a
280,487,b
280,68,b
280,930,e
280,316,e
280,137,a
280,240,e
280,731,c
280,287,d
280,589,c
280,256,d
280,918,a
280,749,c
281,973,d
281,131,d
281,11,c
281,967,d
281,856,d
281,453,b
281,700,c
281,4,a
282,279,d
282,804,b
282,928,e
282,470,b
282,582,c
282,417,b
282,836,a
282,775,a
282,7,e
282,589,a
282,106,c
282,83,e
282,161,a
283,745,a
283,838,d
283,837,e
283,947,d
283,601,a
283,39,a
283,960,c
283,430,e
283,276,d
284,699,d
284,782,c
284,391,d
284,252,a
284,116,a
284,862,a
284,269,a
284,36,e
284,17,d
284,210,b
285,956,c
285,921,a
285,64,c
285,556,d
285,443,a
285,911,e
285,375,a
285,733,d
285,72,c
285,366,d
285,495,a
286,503,d
286,697,e
286,919,e
286,698,b
286,910,a
286,692,b
286,259,b
286,653,b
286,994,e
286,105,d
286,660,e
287,291,e
287,285,a
287,604,e
287,524,b
287,842,b
287,354,b,a
287,354,b,a
287,863,b
287,818,b
287,581,a
287,669,e
287,796,a
288,967,b
288,344,c
288,918,d
288,922,d
288,19,c
289,993,e
289,934,c
289,868,c
289,238,b
289,835,b
289,656,d
289,181,d
289,560,d
290,859,c
290,512,d
290,280,b
290,361,a
290,878,a
290,181,e
290,110,c
290,83,b
291,164,b
291,798,e
291,490,a
291,209,d
291,900,d
291,260,c
291,158,a
291,586,a
291,4,a
291,325,d
291,708,d
292,790,a
292,872,e
292,754,e
292,808,b
292,201,a
292,95,c
292,88,c
292,927,e
293,899,c
293,197,e
293,545,c
293,735,b
293,115,b
293,951,e
293,363,a
293,98,d
293,583,a
294,920,e
294,844,d
294,339,c
294,447,b
294,483,e
294,214,d
294,218,b
294,349,c
294,572,b
294,681,e
294,794,c
295,821,d
295,260,d
295,296,e
295,256,a
295,677,d
296,372,b
296,194,a
296,315,d
296,478,b
296,327,a
296,652,c
296,984,c
296,362,a
296,535,e
297,160,d
297,516,d
297,603,e
297,659,e
297,748,d
297,678,b
297,334,c
297,403,a
297,864,e
297,240,a
297,26,a
298,869,e
298,156,b
298,817,b
298,909,e
298,350,a
298,216,a
298,141,e
298,887,a
298,743,b
298,976,e
299,699,d
299,66,e
299,511,b
299,752,d
299,840,a
299,171,b
299,194,c
299,625,a
299,8,a
299,125,a
299,339,b
299,395,b
299,716,d
300,894,e
300,860,a
300,297,d
300,463,e
300,995,b
300,253,a
300,377,d
300,446,d
300,642,e
300,177,d
300,280,a
301,723,b
301,739,a
301,351,c
301,177,a
301,891,c
301,608,a
301,453,e
302,995,a
302,821,d
302,406,c
302,34,b
302,877,a
302,635,d
302,733,b
302,770,d
302,348,b
302,510,d
302,586,c
302,879,b
302,249,b
302,213,a
302,698,e
302,640,e
303,904,a
303,147,c
303,111,c
303,717,a
303,617,d
303,354,e
303,572,e
303,435,e
303,732,b
303,20,c
303,632,d
303,568,b
304,796,d
304,569,c
304,322,e
304,998,b
304,441,e
304,556,e
304,580,d
304,721,d
304,151,d
304,267,c
304,545,e
305,378,d
305,608,e
305,267,d
305,244,b
305,846,b
305,821,a
305,857,b
305,744,e
305,182,b
305,960,a
305,738,e
305,873,d
306,381,b
306,840,e
306,438,a
306,85,b
306,810,e
307,983,e
307,172,a
307,272,a
307,366,b
307,875,c
307,303,b
307,612,b
307,11,e
307,514,a
308,473,d
308,833,b
308,880,e
308,481,c
308,68,e
308,331,a
308,725,b
308,662,a
308,924,d
308,53,c
308,568,b
308,256,a
309,841,e
309,427,e
309,605,b
309,394,b
309,360,c
309,242,a
309,181,a
309,917,d
309,371,d
309,2,e
309,556,e
309,125,a
310,334,a
310,841,c
310,903,b,d
310,903,b,d
310,648,c
310,92,a
310,435,e
310,317,b
310,475,a
310,137,e
310,920,e
310,754,e
310,36,e
311,948,e
311,386,d
311,189,c
311,730,b
311,900,b
311,151,a
311,893,d
311,321,d
311,937,a
311,534,c
311,991,c
311,98,a
311,659,c
311,339,b
312,758,d
312,123,b
312,432,c
312,592,e
312,327,e
312,602,e
312,593,b
312,79,c
312,35,e
313,213,e
313,549,d
313,67,e
313,316,e
313,418,a
313,476,b
313,784,a
313,136,c
314,723,b
314,576,b
314,463,e
314,475,e
314,455,c
314,290,e
314,70,d
314,825,a
315,213,e
315,488,b
315,952,e
315,262,a
315,556,e
315,44,d
315,241,d
315,444,b
315,819,c
315,733,a
315,933,e
316,396,d
316,122,a
316,521,e
316,53,d
316,760,a
316,714,e
316,388,c
316,107,b
316,75,b
316,736,c
316,412,a
317,219,d
317,251,e
317,417,a
317,633,c
317,175,d
317,457,c
317,538,c
317,967,e
317,93,d
317,735,d
317,954,d
317,358,a
318,851,d
318,572,a
318,757,c
318,6,c
318,657,a
318,304,b
318,769,d
318,755,e
318,425,c
319,3,e
319,307,c
319,269,c
319,745,b
319,435,c
319,43,c
319,471,d
319,26,b
319,808,c
319,466,c
319,885,c
319,553,d
319,274,a
320,101,c
320,39,c
320,490,e
320,239,c
320,45,b
320,720,a
320,140,d
320,977,e
321,915,e
321,670,c
321,897,e
321,215,e
321,964,d
321,662,b
321,86,b
321,577,b
321,531,e
321,191,d
321,149,e
322,752,c
322,332,d
322,956,e
322,10,a
322,185,a
322,125,e
322,223,e
323,269,b
323,471,d
323,404,c
323,546,c
323,849,c
323,234,b
324,419,c
324,380,c
324,255,d
324,79,c
324,10,c
324,532,a
324,368,a
325,195,e
325,900,e
325,527,d
325,29,b
325,244,b
325,913,b
325,702,c
325,30,a
325,284,b
325,86,d
325,659,b
325,945,c
325,969,d
326,711,b
326,649,d
326,856,b
326,347,e
326,710,e
326,242,d
326,902,a
326,336,a
326,880,e
326,6,e
326,474,b
326,77,a
326,587,a
326,756,a
327,74,b,c
327,74,b,c
327,438,a
327,450,b
327,425,e
327,561,a
327,367,d
327,75,d
327,164,d
327,823,c
327,658,a
327,518,a
327,49,e
327,281,c
327,743,e
328,525,d
328,266,d
328,297,e
328,963,c
328,733,e
328,981,b
329,399,a
329,381,b
329,509,c
329,385,d
329,21,c
329,421,a
329,895,b
330,291,d
330,500,e
330,221,e
330,607,d
330,178,b
330,978,b
330,763,b
330,257,b
330,7,c
330,911,b
330,547,e
330,216,b
331,908,a
331,342,c
331,600,b
331,870,d
331,110,d
331,807,e
331,821,d
331,986,d
332,938,d
332,855,a
332,349,c
332,796,c
332,237,b
332,525,d
332,526,e
333,224,c
333,645,e
333,450,b
333,977,d
333,339,d
333,409,e
333,392,e
333,816,a
334,792,d
334,259,a
334,319,e
334,362,d
334,677,c
334,829,c
334,330,d
334,689,d
334,486,a
334,231,e
334,668,d
335,57,d
335,469,d
335,856,a
335,792,d
335,824,c
335,343,a
335,764,c
335,215,d
335,337,a
335,794,e
335,218,e
335,336,e
335,188,d
335,766,a
335,356,d
335,947,d
335,758,c
335,662,b
335,955,b
336,539,e
336,355,e
336,489,c
336,292,a
336,202,c
336,931,e
336,242,a
336,334,c
336,91,d
336,815,a
337,636,d
337,950,a
337,791,c
337,511,b
337,685,e
337,286,d
337,982,b
337,626,b
338,906,e
338,163,d
338,650,b
338,184,c
338,137,d
338,972,c
338,346,e
338,355,e
338,498,d
338,167,c
338,441,e
338,643,c
338,488,e
339,414,e
339,271,b
339,404,b
339,438,d
339,674,b
339,543,c
339,144,b
339,889,b
340,268,c
340,995,d
340,876,a
340,787,d
340,984,e
340,892,d
340,560,a
341,700,c
341,401,d
341,799,e
341,955,c
341,69,e
341,831,e
341,474,d
341,464,c
341,152,b
341,454,d
342,438,a
342,74,c
342,548,e
342,389,e
342,673,e
342,847,b
342,767,c
342,378,a
342,696,c
342,764,c
343,891,a
343,812,c
343,663,c
343,801,c
343,526,b
343,568,b
343,649,c
343,636,b
343,530,d
343,762,d
343,553,d
343,254,c
343,628,b
343,651,d
344,779,e
344,869,e
344,755,a
344,621,d
344,685,d
344,644,a
344,595,d
344,467,e
344,348,b
344,821,a
345,135,e
345,973,d
345,943,e
345,156,b
345,444,c
345,983,a
345,910,b
345,875,a
345,252,d
345,248,d
345,140,a
345,397,c
345,505,d
345,240,e
346,901,c
346,833,a
346,103,a
346,90,a
346,575,b
346,99,a
346,537,d
347,505,c
347,127,d
347,345,c
347,93,c
347,38,c
347,257,e
347,302,c
347,513,d
347,85,a
348,523,e
348,678,e
348,427,d
348,554,c
348,384,d
348,14,c
348,285,b
348,558,c
348,550,c
348,869,c
348,883,a
348,890,e
348,236,e
348,758,e
349,140,d
349,630,b
349,831,c
349,979,d
349,923,e
350,699,e
350,362,b
350,82,b
350,955,a
350,268,b
350,133,d
350,53,b
350,984,a
350,3,c
350,169,c
350,161,d
350,567,b
350,927,c
351,157,e
351,293,a
351,29,c
351,810,a
351,964,a
351,493,b
351,621,c
351,46,b
351,368,d
351,418,c
352,836,a
352,175,d
352,494,a
352,155,d
352,238,a
352,355,e
352,105,b
352,311,c
352,333,b
352,653,c
352,408,c
353,391,a
353,878,c
353,594,c
353,282,c
353,63,b
353,952,b
353,197,d
353,4,b
353,807,a
353,41,b
354,93,b
354,548,a
354,876,b
354,293,e
354,639,b
354,372,c
354,917,d
354,795,c
354,640,b
354,501,d
354,253,d
354,798,d
354,332,d
354,654,c
355,320,b
355,743,d
355,687,a
355,524,b
355,515,d
355,78,e
355,858,d
356,913,b
356,847,e
356,732,d
356,23,c
356,495,a
356,202,d
356,184,c
357,169,c
357,829,b
357,467,b
357,96,a
357,635,d
357,151,e
357,436,e
357,45,a
357,789,a
357,502,d
357,19,d
357,185,e
358,127,a
358,212,e
358,365,d
358,741,c
358,913,d
358,672,e
358,730,b
358,106,d
358,207,a
358,186,e
359,384,b
359,61,a
359,732,b
359,166,b
359,339,d
359,338,d
360,120,b
360,264,d
360,243,b
360,859,c
360,802,d
360,133,e
360,712,d
360,798,b
360,622,c
360,797,c
360,343,e
361,591,e
361,897,c
361,340,a
361,86,e
361,175,e
361,652,c
361,891,d
361,129,e
361,133,e
361,479,b
361,330,a
361,45,a
362,288,e
362,925,e
362,98,c
362,342,d
362,89,c
362,139,a
362,757,e
362,3,c
362,441,a
362,409,b
362,564,b
362,305,e
363,141,a
363,770,d
363,885,b
363,596,d
363,253,e
363,136,e
363,156,a
363,98,b
363,370,c
363,641,a
364,935,a
364,799,b
364,42,a
364,950,c
364,867,a
364,656,b
364,286,a
364,423,a
365,552,a
365,178,a
365,940,e
365,577,b
365,924,c
365,21,b
365,730,a
365,726,e
365,4,e
365,85,e
365,136,b
365,559,a
366,506,e
366,103,e
366,730,b
366,801,b
366,522,c
366,939,d
366,682,b
366,63,a
366,800,e
366,884,b
366,781,d
366,769,d
367,334,a
367,807,b
367,440,a
367,463,b
367,438,e
367,596,d
367,502,d
367,164,b
367,667,b
367,882,e
367,14,a
368,301,a
368,944,b
368,173,a
368,0,b
368,980,e
368,690,c
368,992,a
368,798,e
368,783,b
369,621,c
369,84,d
369,126,c
369,888,a
369,73,b
369,821,d
369,713,a
369,678,b
369,63,e
369,764,c
369,632,c
369,359,e
369,49,a
369,290,a
370,585,b
370,882,d
370,243,e
370,95,a
370,145,a
370,767,d
370,29,a
370,894,e
370,613,c
370,457,b
370,834,a
370,881,a
370,681,b
370,327,c
370,328,d
370,992,c
371,297,b
371,416,d
371,362,c
371,892,d
371,149,e
371,62,e
371,223,d
371,901,e
371,902,b
371,456,c
372,825,a
372,583,c
372,679,e
372,312,c
372,945,c
372,230,b
372,215,c
372,594,d
372,135,a
373,839,d
373,348,e
373,599,d
373,467,e
373,422,a
373,456,a
373,42,e
373,596,a
373,765,a
373,995,e
373,649,d
374,844,e
374,903,b
374,111,d
374,655,c
374,242,a
374,256,e
374,918,e
374,716,b
375,957,d
375,742,c
375,719,d
375,116,d
375,577,b
375,576,a
375,579,d
375,443,e
375,881,d
376,31,c
376,600,a
376,632,d
376,19,c
376,301,b
376,900,a
376,418,c
376,835,d
377,293,d
377,692,d
377,332,b
377,957,e
377,465,a
377,313,e
377,228,b
377,102,c
377,756,c
378,697,e
378,20,c
378,343,a
378,85,b
378,731,c
378,722,b
378,924,d
378,5,b
378,234,c
378,390,a
378,835,e
378,754,a
378,452,a
378,671,e
378,219,d
379,694,a
379,848,a
379,298,e
379,302,b
379,159,c
379,958,e
379,760,a
379,539,a
379,498,b
380,604,a
380,410,b
380,692,e
380,104,a
380,877,c
380,925,d
380,959,b
380,331,e
380,700,d
380,54,e
380,405,b
380,562,b
380,435,d
381,308,e
381,550,c
381,23,a
381,806,b
381,582,d
381,461,a
381,739,a
381,643,e
381,820,b
382,93,b
382,619,d
382,114,d
382,6,c
382,893,e
382,803,d
382,809,b
382,128,d
382,467,c
382,898,a
382,126,c
382,50,e
382,323,b
383,987,e
383,626,b
383,907,a
383,607,a
383,428,d
383,420,b
383,998,c
383,482,e
383,155,e
383,370,a
383,243,b
383,457,b
383,502,a
383,946,d
384,835,d
384,423,d
384,340,b
384,873,d
384,55,e
384,851,e
384,936,d
384,429,e
384,45,d
384,948,a
385,193,e
385,368,a
385,197,e
385,291,b
385,200,a
385,789,d
385,52,b
385,30,d
386,900,c
386,538,e
386,897,d
386,261,b
386,137,d
386,517,d
386,815,c
386,573,b
386,249,d
386,415,d
387,229,c
387,633,d
387,62,e
387,19,c,b
387,19,c,b
387,624,a
387,460,e
387,695,a
387,843,d
387,466,a
387,657,d
387,103,c
387,525,e
388,487,e
388,216,c
388,979,e
388,152,c
388,137,b
388,406,c
388,272,d
388,368,c
388,819,a
388,634,a
388,126,e
388,787,c
388,881,b
388,467,c
388,502,d
388,901,d
388,676,d
388,452,e
389,474,b
389,619,b
389,731,d
389,942,b
389,759,e
389,889,b
389,531,b
389,60,e
389,5,d
389,698,d
389,995,b
389,287,c
389,538,b
390,93,b
390,14,e
390,604,d
390,113,a
390,645,b
390,554,e
390,321,e
390,215,e
391,812,e
391,40,e
391,700,c
391,983,c
391,147,b
391,681,c
391,648,d
391,368,d
391,760,d
391,977,b
391,275,d
391,128,e
392,60,d
392,151,d
392,280,d
392,149,b
392,374,c
392,333,e
392,94,a
392,164,a
392,254,c
392,85,e
393,32,c
393,242,d
393,452,d
393,688,a
393,528,b
393,961,a
393,640,e
393,331,a
394,33,e
394,402,c
394,258,a
394,221,d
394,348,c
394,873,a
394,550,d
394,802,b
394,264,a
395,704,e
395,274,a
395,343,c
395,108,a
395,806,e
395,25,a
395,904,e
395,315,e
395,479,e
395,376,c
395,481,e
395,259,b
395,224,d
395,52,c
395,731,c
396,286,d
396,672,d
396,732,d
396,245,d
396,822,e
396,222,e
396,476,e
397,930,e
397,613,d
397,590,b
397,582,b
397,34,a
397,571,d
398,567,c
398,419,a
398,531,e
398,451,c
398,928,c
398,442,b
398,27,b
398,927,a
398,61,a
399,14,b
399,498,b
399,839,a
399,389,c
399,968,e
399,984,e
399,419,e
399,534,e
399,496,a
399,393,c
399,381,e
399,909,c
399,738,a
400,68,e
400,866,e
400,598,d
400,717,a
400,863,a
400,790,d
400,431,b
400,429,c
400,738,c
401,240,e
401,502,e
401,985,e
401,406,b
401,580,e
401,75,a
401,680,a
401,42,a
401,856,a
401,411,b
401,683,c
401,596,e
401,434,e
401,167,a
402,869,d
402,318,e
402,43,d
402,419,a
402,429,b
402,101,a
402,511,c
402,652,e
402,543,e
402,32,e
402,285,a
402,933,e
403,21,b
403,666,e
403,498,b
403,715,a
403,51,c
403,697,e
403,800,a
403,795,e
403,969,e
403,252,a
403,783,d
403,326,d
404,826,c
404,51,a
404,481,b
404,817,a
404,722,e
404,925,d
404,158,d
405,871,c
405,926,b
405,262,c
405,813,d
405,136,a
405,195,e
405,956,d
405,377,e
405,117,a
405,959,e
405,982,b
405,71,d
406,784,b
406,428,b
406,882,b
406,73,c
406,743,c,a
406,743,c,a
406,324,e
406,371,d
407,850,d
407,768,a
407,616,c
407,351,c
407,600,a
407,890,a
407,751,d
407,823,a
407,754,e
407,757,c
407,493,d
408,448,e
408,846,b
408,285,b
408,28,d
408,569,e
408,14,b
408,611,b
408,925,d
408,169,b
408,890,e
408,909,d
408,919,e
408,440,d
409,637,e
409,820,d
409,723,b
409,198,d
409,796,e
409,799,a
409,746,b
409,946,a
409,320,c
409,382,c
410,345,a
410,802,c
410,817,e
410,174,d
410,954,c
410,85,c
411,53,c
411,811,d
411,392,d
411,615,e
411,652,c
411,117,c
411,48,e
411,316,d
411,253,e
412,50,b
412,864,a
412,858,a
412,664,e
412,282,a
412,33,c
412,409,d
412,336,a
413,566,b
413,607,e
413,956,a
413,466,a
413,201,c
413,324,b
413,37,d
413,595,b
414,715,d
414,643,e
414,337,a
414,412,c
414,376,a
414,877,e
414,753,c
414,926,c
414,1,d
414,371,b
414,172,c
414,396,b
415,8,d
415,651,e
415,66,e
415,860,d
415,57,a
415,564,c
415,365,d
415,762,d
415,189,c
416,230,c
416,900,a
416,854,a
416,547,b
416,209,e
416,51,e
416,671,c
416,377,c
416,534,d
416,721,d
416,512,e
416,30,c
416,451,d
416,797,e
417,569,b,c
417,569,b,c
417,831,d
417,944,b
417,55,d
417,303,a
417,245,a
417,249,c
417,200,d
418,647,d
418,548,d
418,337,c
418,730,a
418,286,c
418,748,e
418,143,b
418,829,d
418,937,c
418,812,d
418,174,c
418,784,a
418,607,c
418,888,e
418,333,d
418,316,e
419,44,a
419,484,b
419,213,b
419,59,c
419,930,d
419,582,a
419,937,c
419,505,c
419,296,c
419,990,b
419,439,d
419,4,b
420,760,e
420,69,b
420,640,a
420,889,c
420,156,d
421,592,c
421,193,c
421,299,e
421,203,c
421,14,b
421,824,e
421,346,b
421,817,c
421,920,e
421,17,a
421,103,e
422,781,e
422,300,c
422,672,e
422,827,b
422,276,b
422,774,b
422,306,e
422,413,e
423,983,e
423,588,a
423,341,c
423,74,d
423,601,b
423,478,d
423,370,d
423,64,a
424,254,d
424,75,a
424,514,c
424,483,d
424,40,c
424,953,d
424,61,d
424,423,b
424,498,a
424,790,b
424,737,a
424,698,a
424,716,c
425,503,d,c
425,503,d,c
425,838,a
425,323,e
425,617,e
425,416,c
425,774,d
425,639,e
425,673,c
425,971,c
425,898,c
425,755,a
425,852,d
425,115,e
426,287,b
426,697,a
426,92,d
426,860,c
426,509,c
426,129,c
426,908,d
426,153,a
427,955,d
427,273,d
427,880,d
427,247,a
427,534,e
427,920,e
427,94,a
427,203,d
427,762,e
427,943,b
427,147,c
427,100,c
427,125,a
428,875,a
428,318,d
428,469,c
428,785,c
428,724,c
428,227,a
428,822,a
428,784,c
428,83,d
429,721,a
429,864,a
429,132,e
429,239,d
429,91,d
429,561,e
429,358,a
429,856,b
429,143,e
429,366,c
429,108,a
430,953,a
430,36,d
430,108,c
430,609,e
430,92,b
430,310,c
430,561,b
430,805,c
430,989,c
430,596,c
430,412,a
430,726,d
430,327,d
430,438,d
431,389,b
431,573,d
431,874,a
431,360,b
431,351,b
431,57,d
431,752,d
431,955,b
431,404,c
431,142,a
431,416,c
431,577,a
432,34,d
432,591,c
432,189,d
432,102,a
432,781,e
432,551,d
432,719,e
432,709,d
432,921,b
432,924,c
433,98,a
433,921,d
433,804,a
433,141,e
433,566,d
433,130,c
433,203,a
433,248,d
433,244,b
433,319,d
433,307,c
434,386,d
434,113,d
434,735,d
434,495,a
434,779,e
434,639,b
434,744,e
435,965,b
435,322,a
435,935,e
435,581,b
435,394,a
435,362,c
435,184,c
435,694,c
435,203,b
435,414,a
435,598,e
435,75,e
435,454,b
436,225,a
436,131,d
436,356,e
436,418,d
436,669,e
436,692,e
436,854,d
437,579,a
437,568,a
437,338,d
437,738,e
437,89,e
437,161,b
437,717,b
437,782,c
437,457,e
437,328,e
438,434,a
438,563,a
438,479,c
438,967,a
438,813,c
438,433,e
438,915,c
438,223,d
438,316,c
438,641,a
438,231,c
438,973,e
438,109,e
439,429,e
439,893,b
439,733,c
439,0,c
439,896,e
439,879,a
439,299,e
439,10,d
440,178,a
440,787,b
440,736,c
440,104,a
440,930,c
440,176,c
440,957,c
440,298,d
440,402,a
440,122,e
441,328,e
441,346,b
441,149,b
441,171,d
441,994,c
441,148,b
441,239,b
441,312,e
441,105,c
441,749,c
441,980,b
441,613,b
441,791,b
441,296,a
442,207,e
442,513,a
442,244,c
442,310,c
442,906,b
442,647,d
442,822,c
442,419,a
443,948,d
443,946,e
443,213,b
443,437,c
443,430,e
443,429,b
443,391,d
443,129,b
444,373,e
444,163,c
444,522,e
444,545,c
444,555,e
444,875,d
445,580,e
445,138,a
445,749,b
445,60,e
445,277,b
445,156,e
445,667,a
446,872,a
446,131,d
446,329,d
446,724,d
446,435,a
447,858,e
447,108,a
447,288,d
447,838,e
448,829,b
448,185,b
448,394,c
448,510,b
448,161,e
448,243,a
448,713,e
449,713,d
449,698,b
449,699,a
449,646,d
449,125,a
449,382,e
449,606,c
449,693,d
449,287,c
449,300,e
450,519,d
450,130,a
450,664,d
450,178,b
450,922,d
450,910,b
450,190,d
450,371,c
450,346,b
450,942,a
450,722,c
451,930,e
451,379,d
451,497,e
451,288,c
451,376,e
451,994,e
451,910,e
451,119,a
451,395,e
451,121,d
451,381,d
452,626,a
452,784,c
452,155,b
452,595,a
452,615,e
452,186,b
452,81,b
452,184,b
452,890,c
453,744,c
453,412,a
453,477,c
453,326,c
453,603,c
453,658,a
453,285,d
453,416,e
453,617,c
453,217,b
454,285,d
454,492,b
454,157,e
454,720,b
454,777,e
454,347,b
454,349,c
454,204,a
454,412,c
454,857,b
454,806,e
455,990,c
455,485,d
455,773,a
455,558,e
455,848,c
455,574,c
455,110,a
455,115,d
455,453,c
455,683,b
455,891,c
455,393,d
456,827,e
456,289,b
456,128,c
456,311,b
456,530,c
456,96,b
456,912,c
456,187,c
456,344,c
456,395,e
456,883,e
456,811,d
457,671,e
457,477,e
457,548,c
457,443,b
457,872,c
457,468,b
457,858,a
457,316,a
457,909,c
458,331,c
458,921,e
458,69,a
458,148,b
458,543,b
458,532,e
458,11,e
459,224,e
459,100,c
459,635,c
459,334,e
459,288,d
459,436,e
459,984,e
459,356,c
459,677,e
460,865,a
460,191,b
460,410,e
460,128,e
460,715,c
460,771,a
460,72,e
461,920,b
461,266,d
461,666,c
461,201,d
461,334,b
461,262,b
462,991,c
462,135,e
462,647,d
462,208,e
462,679,c
462,74,c
462,766,d
463,744,a
463,636,b
463,11,a
463,963,c
463,476,d
463,209,b
463,56,a
463,154,d
464,826,d
464,452,d
464,376,a
464,835,b
464,680,d
464,190,a
464,523,e
464,378,e
465,175,a
465,969,e
465,223,e
465,949,d
465,407,d
465,74,a
465,140,e
465,574,b
466,485,a
466,859,e
466,571,a
466,237,c
466,661,b
466,928,c
466,932,b
466,240,d
466,488,c
466,396,e
466,142,d
466,960,e
466,432,e
467,841,b
467,459,e
467,79,a
467,547,a
467,588,a
467,275,b
467,308,a
467,298,c
467,194,c
467,884,a
467,839,d
467,783,e
467,295,a
467,262,e
467,400,d
467,78,e
468,743,d
468,364,d
468,245,d
468,682,d
468,609,c
468,94,e
468,748,c
469,103,a
469,981,d
469,84,b
469,155,c
469,297,d
469,119,b
470,244,d
470,52,b
470,134,c
470,88,b
470,676,c
470,189,b
470,818,c
470,210,e
470,968,b
470,284,b
471,375,b
471,599,b
471,415,a
471,588,b
471,383,e
471,537,d
471,312,e
471,759,d
472,338,b
472,814,c
472,661,e
472,86,e
472,582,d
472,694,c
472,346,b
472,637,b
472,917,b
472,758,b
473,458,e
473,361,c
473,148,d
473,686,e
473,486,a
474,655,a
474,854,c
474,416,b
474,588,a
474,223,d
474,819,d
474,481,b
474,865,b
475,886,e
475,2,e
475,377,c
475,289,a
475,685,d
475,687,e
475,831,e
475,667,b
475,259,c
476,757,c
476,822,e
476,999,a
476,578,c
476,706,e
476,628,a
477,369,b
477,725,d
477,608,c
477,931,a
477,558,b
477,913,d
477,342,d
477,470,e
478,52,d
478,790,c
478,630,b
478,792,a
478,365,c
478,9,a
478,19,b
478,614,d
478,110,a
478,827,c
478,718,a
479,21,b
479,48,e
479,595,d
479,974,b
479,445,c
479,533,d
480,880,c,a
480,880,c,a
480,703,d
480,767,a
480,847,b
480,723,a
480,263,c
480,465,d
480,738,a
480,617,c
480,641,b
480,871,e
480,435,b
481,625,b
481,887,e
481,292,b
481,583,c
481,169,d
481,668,a
481,419,a
481,62,e
482,305,a
482,682,b
482,704,e
482,833,e
482,715,d
482,389,c
482,473,e
482,516,a
482,339,d
482,549,e
483,5,c
483,825,e
483,61,a
483,367,a
483,301,d
483,7,b
483,752,a
483,684,a
483,707,a
483,523,a
483,410,b
484,80,e
484,408,d
484,254,c
484,697,a
484,443,a
484,945,b
484,969,a
484,674,e
484,99,d
484,630,c
484,2,a
485,384,d
485,892,e
485,537,b
485,350,e
486,752,b
486,968,e
486,871,a
486,702,b
486,22,a
487,492,e
487,334,b
487,645,c
487,100,c
487,514,c
487,101,b
487,580,e
487,21,d
487,328,d
488,633,b
488,525,b
488,320,b
488,361,b
488,294,b
488,211,e
488,704,e
488,321,b
488,839,c
488,884,a
488,590,d
488,792,b
489,960,b
489,445,d
489,826,d
489,701,c
489,666,b
489,786,c
489,500,d,b
489,500,d,b
489,471,b
489,3,a
489,817,b
489,861,e
489,718,b
489,808,b
489,87,a
490,86,e
490,346,d
490,477,c
490,385,d
490,655,c
490,516,c
491,584,a
491,368,b
491,482,b
491,822,e
491,741,e
491,207,b
491,758,b
491,962,d
491,634,a
492,860,d
492,530,d
492,582,b
492,374,c
492,536,d
493,391,b
493,897,c
493,964,d
493,74,e
493,979,a
494,246,c
494,931,a
494,565,e
494,730,c
494,175,e
494,96,c
494,585,c
494,580,d
494,791,b
494,322,a
494,395,a
494,360,a
494,789,d
495,65,b
495,28,b
495,346,b
495,644,e
495,520,b
496,681,e
496,140,d
496,909,b
496,112,a
496,147,c
496,241,b
496,538,c
496,580,e
496,804,e
497,715,d
497,471,b
497,125,a
497,609,a
497,983,a
497,865,d
497,632,a
497,269,e
497,363,a
497,724,d
497,682,e
498,558,b
498,495,a
498,157,a
498,596,e
498,823,e
498,871,d
498,458,d
498,722,d
498,95,e
498,561,c
499,478,a
499,292,d
499,473,d
499,631,a
499,662,e
500,188,d
500,614,e
500,530,d
500,876,b
500,629,c
500,727,e
500,374,a
500,60,a
500,693,e
500,666,b
500,126,d
500,712,e
500,88,c
500,12,e
501,811,d
501,612,d
501,882,c
501,833,b
501,500,b
501,247,e
502,761,b
502,989,b
502,431,a
502,721,b
502,143,b
502,363,d
502,424,c
502,286,c
502,68,d
503,815,a
503,536,d
503,279,a
503,762,d
503,374,d
503,564,a
503,947,b
504,934,b
504,368,b
504,529,e
504,666,d
504,840,d
504,31,c
504,995,e
504,112,a
504,108,a
504,36,c
504,414,b
504,625,d
504,797,b
505,353,b
505,852,b
505,358,a
505,469,b
505,263,b
505,955,a
505,695,d
505,545,a
505,565,e
505,524,c
505,9,d
505,225,a
505,303,b
506,562,b
506,142,e
506,828,d
506,658,e
506,105,d
506,995,b
506,890,b
507,243,b
507,988,c
507,913,b
507,106,e
507,265,e
507,400,a
507,622,e
507,73,c
507,91,c
507,405,a
507,693,d
507,393,a
507,825,a
507,879,a
507,351,d
508,794,a
508,623,e
508,401,b
508,8,d
508,957,d
508,453,c
508,990,b
508,813,c
508,428,e
509,190,e
509,217,d
509,608,b
509,690,d
509,842,c
509,747,a
510,303,d
510,427,a
510,486,e
510,81,c
510,199,b
510,278,a
510,411,c
511,846,a
511,30,e
511,850,c
511,987,c
511,255,a
511,469,d
511,972,b
511,453,e
511,772,e
511,954,a
511,397,b
511,106,b
511,548,b
512,101,c
512,680,d
512,542,e
512,827,e
512,445,c
512,857,b
512,511,a
512,687,d
512,801,d
512,641,e
512,153,d
512,236,a
512,800,b
512,928,b
513,737,c
513,222,e
513,24,e
513,773,a
513,950,e
513,114,d
513,129,a
513,226,d
513,110,a
513,434,c
513,78,a
513,406,b
513,600,d
513,984,e
514,149,b
514,801,a
514,693,a
514,120,c
514,425,d
514,147,c
514,319,c
514,431,e
514,907,e
514,462,e
514,992,b
515,833,e,c
515,833,e,c
515,526,a
515,905,a
515,603,a
515,447,d
515,984,c
515,767,d
515,572,d
515,883,c
515,967,d
515,248,d
516,525,a
516,421,d
516,386,d
516,432,e
516,349,c
516,656,e
516,230,c
516,630,b
516,700,a
516,17,c
517,979,b
517,719,a
517,183,e
517,977,a
517,965,e
517,234,e
517,610,d
517,954,d
518,558,b
518,981,a
518,553,a
518,486,e
518,855,e
518,472,e
518,65,b
518,752,d
518,671,c
518,521,a
518,584,c
518,934,c
518,211,b
518,401,e
518,760,b
518,74,b
518,614,b
519,781,a
519,365,c
519,742,e
519,587,a
520,460,b
520,927,a
520,400,e
520,179,d
520,500,b
520,549,c
520,264,a
521,162,c
521,814,c
521,396,e
521,793,a
521,127,b
521,426,a
521,972,c
522,601,e
522,902,b
522,359,d
523,927,e
523,254,c
523,672,c
523,202,c
523,755,a
523,985,b
523,932,e
523,867,e
523,216,a
523,109,e
523,771,c
523,735,d
523,607,a
524,281,a
524,613,d
524,232,b
524,585,a
524,507,e
524,967,d
524,821,b
524,711,d
524,22,d
525,151,a
525,618,d
525,651,d
525,486,c
525,515,e
525,897,a
525,247,b
525,27,e
526,979,e
526,201,a
526,505,a
526,901,d
526,967,e
526,218,b
526,977,c
526,90,e
526,684,a
526,959,d
526,103,d
527,653,c
527,432,a
527,278,b
527,590,d
527,535,b
527,455,d
527,666,c
527,372,c
527,885,e
527,953,a
528,475,d
528,387,e
528,357,e
528,919,d
528,977,b
528,740,c
528,279,d
528,778,c
528,318,c
528,567,b
528,639,d
528,917,e
529,692,d
529,266,a
529,706,e
529,54,c
529,931,c
529,223,c
529,366,b
529,756,d
529,592,e
529,612,b
529,484,e
530,95,d
530,211,e,c
530,211,e,c
530,546,c
530,762,a
530,675,b
530,674,b
530,309,d
530,499,d
530,190,e
530,131,e
530,671,a
530,300,c
530,505,d
531,764,d
531,566,b
531,44,c
531,855,b
531,158,e
531,816,c
531,23,b
531,100,b
531,285,b
532,220,e
532,968,c
532,433,e,c
532,433,e,c
532,161,c
532,893,b
532,892,d
532,462,a
532,556,c
532,675,e
532,982,d
532,537,b
532,566,d
532,373,b
532,482,c
532,360,e
533,800,b
533,785,c
533,692,c
533,474,e
533,407,d
533,391,c
533,224,d
533,2,b
533,623,a
533,883,b
533,554,e
533,107,c
533,771,c
533,634,d
534,959,b
534,995,e
534,335,d
534,758,d
534,668,b
534,120,e
534,749,c
534,949,b
535,972,b
535,831,a
535,557,e
535,991,c
535,631,b
535,725,a
535,816,c
536,647,c
536,774,d
536,912,e
536,405,a
536,436,a
536,27,a
536,645,c
536,502,c
536,743,b
536,584,c
536,37,a
536,309,e
536,848,d
536,119,b
536,448,e
536,158,c
536,646,d
537,878,e
537,708,b
537,273,c
537,260,a
537,505,e
537,990,e
537,47,e
537,165,d
537,344,a
538,342,d
538,218,d
538,274,a
538,115,e
538,249,b
538,152,c
538,497,c
538,880,a
539,481,d
539,348,c
539,135,d
539,473,b
539,435,d
539,929,c
539,729,e
539,15,e
539,391,d
539,733,a
539,576,d
539,239,c
540,547,e
540,186,c
540,207,c
540,13,c
540,510,b
540,261,d
540,902,c
540,41,c
540,542,a
540,260,b
540,653,e
540,118,b
541,251,e
541,877,c
541,312,a
541,380,c
541,532,a
541,60,a
541,443,c
541,580,e
541,477,a
541,764,b
541,77,d
542,904,c
542,997,a
542,267,b
542,860,a
542,773,e
542,825,a
542,750,a
542,494,e
542,55,c
543,355,e
543,666,c
543,425,e
543,75,c
543,613,a
543,107,e
543,290,b
543,46,b
543,68,d
543,509,c
544,946,b
544,89,b
544,565,d
544,830,d
544,774,e
544,879,d
544,307,a
544,555,b
544,660,b
545,597,b
545,292,e
545,975,b
545,67,d
545,552,a
545,886,c
545,324,a
545,319,c
545,847,c
545,820,a
545,169,c
546,382,b
546,428,c
546,521,a
546,715,e
546,282,d
546,507,a
547,841,b
547,412,e
547,845,a
547,12,e
547,851,b
547,703,e
547,850,c
547,526,b
547,201,c
547,794,c
547,373,d
547,119,e
548,418,e
548,892,c
548,458,c
548,638,e
548,832,c
548,148,e
549,627,a
549,73,b
549,578,c
549,426,e
549,679,d
549,497,c
549,826,b
549,776,c
549,521,e
550,42,a
550,714,e
550,279,b
550,612,c
550,298,a
550,969,d
550,247,a
551,624,c
551,949,c
551,417,c
551,951,e
551,326,d
551,2,d
551,569,c
551,0,a
551,136,a
551,973,a
552,384,d
552,279,d
552,999,d
552,464,e
552,72,d
552,434,d
552,100,e
552,905,e
552,381,d
552,333,a
552,634,b
552,877,d
552,367,c
552,365,c
552,605,c
552,179,e
552,407,b
553,284,c
553,977,b
553,325,a
553,264,a
553,362,b
553,213,a
553,662,e
553,259,e
553,545,a
553,943,e
553,413,e
553,574,a
553,489,a
554,243,e
554,204,a
554,523,e
554,689,c
554,184,d
554,888,a
554,378,c
554,333,c
554,255,c
555,329,a
555,487,a
555,853,a
555,446,e
555,568,a
555,543,a
555,955,d
555,913,c
555,113,e
555,494,d
556,966,e
556,488,c
556,709,a
556,586,b
556,358,e
556,298,d
556,682,b
556,406,b
556,31,a
556,604,e
556,799,e
556,369,d
557,490,e
557,743,d
557,80,d
557,515,d
557,548,c
557,910,d
557,164,b
557,316,d
557,277,d
557,519,b
557,777,a
557,879,c
557,827,d
558,262,c
558,227,b
558,519,b
558,779,b
558,93,d
558,852,e
558,871,d
558,453,d
558,260,d
558,732,b
559,325,b
559,610,c
559,8,d
559,362,e
559,193,e,a
559,193,e,a
559,684,e
559,202,b
559,843,a
559,489,c
559,694,a
559,605,b
559,358,c
559,588,d
559,522,c
559,839,d
560,270,a
560,932,e
560,520,c
560,59,d
560,631,a
560,943,c
560,81,d
560,632,d
560,908,c
560,698,d
560,197,d
560,621,c
560,812,d
560,546,c
560,281,d
560,813,b
560,330,c
560,625,b
560,196,a
560,681,c
561,947,c
561,183,b
561,426,a
561,425,b
561,51,a
561,806,c
561,451,d
561,313,c
561,92,d
561,649,d
561,585,e
561,333,b
561,332,c
561,939,a
561,741,e
561,311,a
562,702,c
562,549,e
562,788,a
562,422,c
562,416,d
562,367,b
562,329,d
563,966,c
563,167,d
563,31,c
563,402,a
563,389,a
563,730,c
563,383,d
563,699,e
563,859,e
563,308,d
564,257,c
564,774,a
564,45,a
564,880,c
564,691,a
564,830,a
564,992,d
564,783,c
564,702,a
564,359,a
564,68,b
564,498,a
564,956,c
565,456,a
565,852,c
565,17,a
565,730,e
565,253,d
565,271,b
565,361,c
565,623,e
566,248,b
566,130,e
566,171,c
566,233,b
566,716,d
566,705,b,d
566,705,b,d
566,188,c
566,514,a
566,572,a
567,827,d
567,550,b
567,371,c
567,146,c
567,177,e
567,407,c
567,900,b
567,457,d
567,791,a
567,283,c
567,656,d
568,889,d
568,433,c
568,877,e
568,759,a
568,588,c
568,656,e
569,176,d
569,316,a
569,700,a
569,67,b
569,996,d
569,941,e
569,120,a
569,160,a
570,740,b
570,367,a
570,455,c
570,651,c
570,313,a
570,447,d
570,938,c
570,966,b
571,142,b
571,202,e
571,193,a
571,501,a
571,231,c
571,941,a
571,982,d
571,111,b
571,206,a
572,217,d
572,747,a
572,26,e
572,365,d
572,226,c
572,648,a
572,494,a
572,363,b
573,268,e
573,46,c,d
573,46,c,d
573,298,b
573,253,b
573,455,e
573,557,c
573,17,e
573,722,d
573,259,c
573,771,e
573,152,b
573,141,e
573,207,b
573,859,d
574,29,b
574,361,e
574,820,e
574,525,d
574,90,e
574,502,c
574,570,c
574,369,b
574,710,b
574,323,e
574,530,a
574,433,d
574,204,d
574,293,b
574,252,a
574,399,a
575,63,c
575,441,c
575,98,a
575,4,c
575,570,e
575,254,e
575,176,a
575,563,e
575,906,a
575,399,d
575,356,e
576,481,a
576,567,e
576,43,b
576,207,e
576,511,d
576,353,e
576,499,a
576,564,e
577,599,c
577,579,e
577,363,a
577,802,b
577,700,b
577,115,d
577,886,a
577,96,d
577,768,b
577,880,e
577,137,a
577,560,d
577,179,c
578,857,b,c
578,857,b,c
578,142,e
578,588,b
578,30,d
578,394,e
578,910,e
578,793,e
578,488,a
579,85,e
579,181,b
579,73,d
579,867,d
579,893,b
579,581,e
579,139,c
579,356,e
579,355,e
579,3,e
579,221,b
579,983,c
579,438,a
580,894,a
580,700,a,d
580,700,a,d
580,90,e
580,172,e
580,84,b
580,386,c
580,991,b
580,271,d
580,708,e
581,311,a
581,226,e
581,826,a
581,157,a
581,26,d
581,740,c
581,654,a
581,932,d
582,144,b
582,301,e
582,880,b
582,348,c
582,601,c
582,867,a
582,999,c
582,423,d
583,104,a
583,93,d
583,205,a
583,92,d
584,218,a
584,686,e
584,887,e
584,466,b
584,371,d
584,328,d
584,967,d
584,148,a
584,440,a
585,864,e
585,689,e
585,347,a
585,376,b
585,214,b
585,343,e
585,527,b
585,404,d
585,433,a
585,870,e
585,395,d
585,927,d
585,18,a
585,522,e
586,220,e
586,643,e
586,879,d
586,884,b
586,912,d
587,787,e
587,811,d
587,855,b
587,327,b
587,956,b
587,443,c
587,636,c
587,481,b
587,940,c
587,350,a
587,146,d
587,340,b
587,42,a
587,239,c
588,736,c
588,907,e
588,432,d
588,502,b
588,479,d
588,940,a
588,54,d
588,599,c
588,591,c
588,781,b
589,390,a
589,564,c
589,499,d
589,888,c
589,581,e
589,14,c
589,943,c
589,473,d
589,628,c
589,96,d
590,977,e
590,811,a
590,541,b
590,769,c
590,389,e
590,253,b
590,975,b
590,965,c
590,765,d
591,155,a
591,277,b
591,741,a
591,94,b
591,566,d
592,613,a
592,405,c
592,19,a
592,391,e
592,138,d
593,724,d
593,788,c
593,970,c
593,340,e
593,899,b
593,717,a,e
593,717,a,e
593,975,e
593,855,e
593,238,b
594,483,b
594,580,a
594,562,b
594,185,a
594,63,a
594,203,e
594,966,e
594,432,c
594,168,c
594,426,d
595,431,d,a
595,431,d,a
595,890,a
595,698,e
595,386,a
595,172,c
595,606,e
595,46,d
595,318,a
595,935,b
596,641,e
596,564,e
596,147,d
596,732,a
596,219,d
596,187,e
596,500,b
597,747,b
597,998,d
597,420,d
597,688,e
597,382,c
597,878,a
597,683,b
597,785,b
598,470,d
598,964,c
598,269,e
598,171,a
598,38,d
598,48,e
598,175,c
598,255,c
598,247,e
598,36,b
598,947,e
598,163,d
599,129,a
599,613,c
599,375,a
599,819,b
599,661,e
599,581,a
599,550,e
599,827,d
599,228,d
599,149,e
599,278,b
600,254,d
600,425,e
600,33,e
600,181,b
600,466,c
600,6,c
600,927,a
600,415,c
600,722,b
601,358,a
601,775,c
601,174,a
601,485,a
601,8,a
601,19,c
601,469,e
601,270,b
601,926,e
601,107,b
601,300,b
601,225,a
601,67,a
601,853,c
601,136,a
602,755,d
602,654,c
602,853,c
602,69,b
602,839,d
602,765,e
602,852,b
602,67,c
602,418,c
603,303,e
603,152,d
603,845,a
603,901,b
603,405,b
603,653,b
603,216,a
603,559,d
603,649,a
603,35,b
604,849,d
604,530,e
604,403,c
604,799,e
604,535,b
604,41,a,b
604,41,a,b
604,328,b
604,105,c
604,334,c
604,906,e
604,504,d
604,6,d
605,924,d
605,384,d
605,876,b
605,848,a
605,598,a
605,824,d
605,465,d
605,841,c
606,804,e
606,0,e
606,498,c
606,125,a
606,396,c
606,609,e
606,119,e
606,767,d
606,892,a
606,871,b
606,850,d
606,169,b
606,943,c
606,76,e
606,256,d
606,779,a
606,287,a
607,702,d
607,686,d
607,34,b
607,313,e
607,810,b
607,766,b
607,324,d
607,248,d
607,45,d
608,348,a
608,487,c
608,99,a
608,13,d
608,29,c
608,123,d
608,905,d
608,650,a
608,840,c
608,809,b
608,724,a
609,915,b
609,696,e
609,795,b
609,906,d
609,301,a
609,307,d
609,661,a
609,344,d
609,641,a
610,431,c
610,510,d
610,795,a
610,634,a
610,207,e
610,548,d
611,336,a
611,286,d
611,464,d
611,183,c
611,458,c,b
611,458,c,b
611,35,e
611,38,c
612,124,e
612,487,b
612,673,e
612,18,a
612,42,b
612,710,b
612,787,e
612,449,b
612,272,d
612,199,a
613,147,c
613,390,d
613,239,e
613,449,e
613,270,c
613,56,e
614,852,c
614,919,e
614,568,c
614,453,c
614,585,a
614,775,b
614,674,c
614,224,c
614,917,a
614,887,e
614,411,d
614,948,a
614,273,e
615,94,b
615,689,e
615,305,a
615,314,b
615,638,b
615,335,b
615,902,d
615,189,c
615,953,b
615,904,e
615,768,a
615,343,c
615,486,c
615,312,c
615,719,d
615,722,d
616,193,b
616,291,d
616,568,a
616,391,a
616,446,a
616,274,e
616,765,d
616,144,e
616,950,e
616,879,e
617,494,a
617,399,a
617,671,e
617,953,b
617,486,e
617,545,c
617,965,a
617,382,d
617,570,c
617,170,c
618,544,b
618,569,b
618,47,c
618,524,c
618,377,d
618,43,e
618,877,d
618,681,e
618,574,d
618,148,c
619,550,a
619,476,a
619,985,d
619,429,e
619,18,c
619,308,e
619,380,c
620,684,b
620,319,c
620,211,d
620,635,c
620,885,e
620,977,c
620,753,d
620,477,e
620,544,d
620,220,d
620,724,b
620,45,a
621,668,b
621,724,a
621,2,a
621,818,e
621,283,b
621,646,c
621,705,c
621,197,a
621,422,c
621,669,d
621,920,c
621,572,e
621,856,a
621,143,d
622,724,b
622,83,d
622,720,e
622,4,b
622,818,b
623,331,d
623,689,d
623,246,a
623,86,b
623,29,c
623,999,d
623,103,e
623,536,e
623,7,d
623,231,c
623,155,c
623,955,c
624,492,c
624,546,a
624,994,a
624,591,c
624,292,a
624,782,c
625,586,a
625,969,a
625,779,a
625,303,b
625,767,c
625,952,b
625,418,c
625,580,d
625,130,c
626,518,b
626,621,d
626,362,c
626,262,d
626,176,d
626,417,b
626,558,b
626,976,b
626,623,b
626,341,e
626,3,e
626,587,b
627,353,c
627,230,e
627,722,d
627,969,d
627,506,b
627,299,e
627,908,d
627,539,c
627,256,c
628,596,d
628,360,a
628,632,c
628,546,c
628,354,c
628,845,e
628,515,c
628,661,e
628,732,c
629,482,a
629,944,a
629,490,b
629,217,b
629,775,b
629,576,e
629,941,a
629,771,b
629,243,e
630,13,e
630,362,e
630,275,d
630,524,e
630,189,c
630,611,d
630,878,b
631,770,d
631,254,e
631,551,c
631,99,a
631,639,c
631,340,c
631,971,a
631,274,b
631,787,a
631,237,c
631,789,b
631,375,e
631,200,a
631,305,c
631,888,d
631,384,a
631,25,a
631,266,a
631,597,e
632,328,c
632,825,c
632,245,b
632,577,a
632,864,b
632,886,b
632,137,d
632,589,e
632,957,b
632,892,c
632,361,e
633,966,e
633,792,b
633,818,a
633,729,d
633,391,e
633,853,e
633,735,a
633,961,b
633,571,c
633,814,a
633,897,a
634,419,b
634,102,e
634,879,a
634,2,d
634,960,a
634,616,e
634,687,c
634,558,c
634,925,a
635,578,d
635,315,a
635,455,e
635,755,b
635,713,b
635,120,b
635,718,e
635,423,a
635,625,b
635,255,b
636,105,c
636,322,a
636,145,c
636,83,d
636,39,b
636,770,b
636,957,d
636,781,c
637,905,a
637,965,b
637,694,a
637,898,a
637,222,b
637,214,c
637,441,e
637,902,c
637,35,b
637,742,b
638,749,c
638,102,c
638,865,c
638,496,d
638,207,e
638,767,d
638,326,c
639,549,b
639,410,e
639,25,d
639,381,a
639,22,e
639,71,d
639,841,e
640,106,d
640,565,c
640,54,c
640,15,b
640,494,e
640,224,c
640,27,d
640,257,e
640,546,b
640,658,c
641,713,d
641,718,c
641,79,a
641,347,d
641,279,c
642,33,a
642,828,e
642,369,e
642,641,a
642,43,e
642,144,b
642,657,e
642,392,a
642,941,e
643,532,b
643,640,c
643,619,d
643,588,a
643,551,a
643,645,a
643,587,d
643,473,e
643,518,b
643,835,a
643,470,b
643,107,e
643,665,b
643,490,c
644,422,c
644,427,a
644,705,c
644,484,d
644,946,e
644,513,a
644,321,d
644,406,b
644,507,a
644,544,c
644,446,b
644,250,e
644,918,d
645,609,d
645,78,c
645,890,c
645,198,c
646,67,b
646,92,c
646,429,c
646,356,e
646,223,d
646,237,e
646,887,a
647,721,b
647,146,c
647,831,e
647,124,d
647,335,d
647,509,e
647,843,d
647,109,c
647,508,e
647,691,b
647,172,d
648,667,a
648,17,a
648,394,d
648,0,b
648,714,c
649,871,e
649,597,a
649,563,e
649,368,a
649,69,e
649,447,b
649,666,a
650,672,d
650,88,b
650,687,c
650,201,d
650,385,a
650,248,d
650,440,d
650,136,b
650,643,c
650,172,d
650,870,a
651,86,b
651,756,a,c
651,756,a,c
651,921,c
651,250,e
651,788,a
651,549,d
651,207,b
651,673,c
651,302,e
651,585,e
651,405,d
651,639,d
651,511,d
652,263,c
652,34,a
652,579,e
652,955,c
652,125,a
652,425,c
652,930,a,b
652,930,a,b
652,11,d
652,764,e
652,165,c
652,823,e
652,157,a
652,786,d
652,978,b
653,65,e
653,346,d
653,882,d
653,165,e
653,679,d
653,327,d
653,172,b
653,962,e,c
653,962,e,c
653,953,e
653,350,d
654,42,a
654,82,b
654,482,b
654,132,e
654,509,d
654,701,d
654,77,b,e
654,77,b,e
654,144,a
654,66,e
655,515,d
655,669,c
655,235,b
655,688,d
655,736,b
655,248,c
655,104,b
655,27,c
655,795,c
656,115,e
656,611,b
656,986,e
656,771,e
656,446,d
656,308,a
656,632,d
656,49,e
656,913,e
657,128,a
657,359,a
657,728,d
657,509,e
657,960,e
657,14,b
657,699,d
657,442,e
657,516,d
657,393,c
657,648,c
657,876,e
658,224,c
658,389,e
658,769,c
658,254,e
658,588,d
658,480,a
658,100,a
658,43,e
658,317,c
658,787,e
659,17,c
659,559,b
659,711,b
659,491,d
659,845,c
659,0,e
659,158,a
659,403,e
659,317,a
660,560,e
660,922,d
660,986,e
660,298,b
660,157,b
660,961,b
660,848,b
661,613,c
661,315,d
661,130,d
661,724,e
661,841,a
661,823,a
661,755,c
661,782,c
661,767,c
662,837,c
662,437,b
662,708,d
662,439,e
662,81,b
662,286,b
662,977,c
662,389,c
663,357,d
663,635,d
663,200,e
663,757,e
663,758,b
663,312,e
663,530,e
663,885,e
663,516,d
663,674,b
663,234,e
663,938,e
664,472,d
664,24,e
664,488,b
664,43,e
664,388,e
664,475,d
664,242,c
664,137,e
664,620,b
664,786,d
664,53,b
665,800,a
665,677,d
665,776,b
665,18,d
665,869,d
665,936,e
665,31,e
665,67,d
665,832,b
665,911,c
665,505,e
665,787,e
665,567,a
666,175,e
666,655,a
666,521,c
666,40,b
666,248,c
666,506,a
666,867,d
666,448,b
667,133,a
667,573,d
667,810,a
667,742,b
667,176,d
667,220,a
667,657,d
667,558,d
667,167,c
667,939,c
667,781,b
667,888,e
667,23,d
667,971,a
667,799,b
667,690,d
667,197,a
668,512,d
668,155,a
668,554,a
668,425,d
668,107,e
669,158,b
669,210,d
669,142,a
669,287,c
669,966,e
669,686,c
669,320,d
669,468,d
669,621,d
669,863,e
669,930,b
669,14,a
670,141,c
670,144,e
670,617,a
670,607,a
670,696,d
670,111,d
671,844,d
671,73,b
671,503,b
671,691,d
671,710,a
671,664,d
671,100,b
671,55,b
672,334,b
672,270,b
672,20,b
672,23,e
672,796,d
672,775,b
672,168,e
672,440,b
673,472,a
673,91,b
673,517,e
673,576,a
673,801,a
673,740,b
673,319,c
673,647,c
673,887,c
673,752,b
673,619,a
673,391,b
673,450,b
673,763,b
673,331,d
673,169,e
674,955,d
674,378,b
674,554,c
674,492,d
674,488,b
674,130,c
674,346,e
674,440,e
674,537,c
674,892,b
674,210,d
674,643,a
674,956,e
675,799,e
675,987,c
675,837,a
675,21,c
675,351,d
675,597,e
675,948,a
675,600,b
675,533,c
675,778,e
676,383,c
676,20,d
676,793,a
676,193,d
676,378,c
676,722,a
676,889,e
676,371,c
676,777,a
676,256,c
676,714,b
676,729,e
677,980,b
677,483,d
677,509,a
677,830,a
677,822,d
677,769,b
677,961,b
677,57,c
677,64,d
677,371,a
677,979,a
678,36,b
678,861,a
678,786,a
678,197,e
678,133,e
678,257,b
678,406,b
679,769,b
679,333,e
679,300,d
679,483,d
679,544,e
679,28,a
679,954,a
679,14,e
679,153,b
679,398,a
679,651,a
679,453,e
679,912,a
679,763,e
679,369,c
679,675,c
680,597,b
680,547,c
680,819,e
680,694,b
680,956,b
680,447,c
680,856,a
680,429,c
680,929,b
680,405,b
680,74,a
680,766,b
680,414,c
681,461,e
681,265,c
681,675,d
681,585,d
681,547,b
682,128,b
682,313,e
682,767,d
682,443,a
682,993,a
682,687,b
682,747,e
682,777,d
682,248,b
683,898,a
683,748,b
683,717,b
683,143,e
683,789,d
683,832,a
683,514,b
683,542,b
683,672,e
683,474,e
683,846,a
683,660,c
683,168,d
684,194,b
684,271,e
684,579,a
684,716,a
684,404,c
684,1,d
684,871,d
684,236,e
684,400,e
684,169,c
684,399,c
685,837,c
685,53,c
685,433,b
685,244,b
685,329,b
685,456,a
685,221,e
685,431,e
685,132,a
685,407,b
685,9,d
686,502,e
686,793,c
686,189,e
686,964,d
686,537,a
687,432,e
687,771,c
687,371,e
687,933,e
687,913,d
687,752,c
687,168,a
687,109,d
687,333,d
687,502,a
687,263,e
688,495,b
688,950,a
688,691,e
688,735,e
688,542,d
688,199,c
688,57,e
688,576,e
688,618,e
688,864,d
688,897,d
688,329,d
688,498,a
689,499,b
689,508,e
689,958,c
689,33,c
689,655,e
689,695,b
689,331,b
689,177,b
689,889,a
689,638,b
689,358,c
689,78,d
689,864,d
689,624,b
689,288,c
689,337,d
690,676,c
690,648,e
690,808,e
690,266,e
690,438,c
690,164,b
690,24,a
690,584,e
691,288,a
691,971,a
691,31,d
691,420,c
691,531,c
691,62,c
691,711,c
691,480,d
691,185,c
692,9,e
692,475,c
692,229,b
692,613,a
692,824,d
692,352,a
692,632,c
692,827,b
692,588,d
692,835,c
692,989,a
693,561,b
693,782,a
693,222,b
693,357,d
693,627,d
693,57,d
693,60,d
693,636,d
693,526,c
693,772,a
693,631,a
693,666,a
694,345,b
694,229,a
694,428,e
694,618,d
694,606,e
694,587,e
694,623,b
695,535,b
695,615,a
695,567,d
695,442,d
695,741,d
695,45,d
695,959,d
695,785,c
695,928,c
696,784,a
696,108,d
696,903,d
696,837,b
696,157,c
696,888,a
696,744,e
696,320,d
696,925,a
696,616,e
696,997,d
696,354,a
696,906,d
696,848,e
696,349,c
697,961,a
697,95,a
697,640,c
697,122,c
697,354,c
697,927,b
697,720,d
697,990,c
697,482,c
697,384,a
697,830,e
697,358,c
698,587,b
698,260,d
698,391,a
698,581,e
698,383,c
698,629,b
698,310,e
698,986,d
698,82,c
698,514,d
699,410,c
699,365,b
699,606,b
699,773,a
699,902,e
699,460,c
699,648,b
699,912,a
699,838,b
700,881,a
700,374,d
700,669,d
700,481,a
700,508,e
700,942,b
700,948,a
700,522,d
700,980,a
700,346,e
700,255,a
700,810,b
701,345,c
701,796,b
701,79,d
701,73,a
701,359,d
701,411,b
701,290,e
701,806,b
701,278,b
701,496,c
701,100,d
702,291,e
702,676,b
702,116,d
702,891,d
702,347,d
702,967,e
703,173,d
703,930,c
703,500,a
703,90,c
703,586,d
703,343,b
703,240,a
703,949,b
703,413,d
704,72,b
704,371,b
704,88,c
704,910,d
704,655,e
704,67,e
704,494,e
704,149,c
704,327,b
704,310,a
704,491,d
704,106,a
704,224,e
705,226,a
705,194,b
705,714,c
705,138,d
706,669,c
706,516,c
706,991,d
706,925,d
706,303,d
706,915,b
706,124,d
706,255,d
706,444,a
706,89,b
706,576,b
706,883,e
707,283,d
707,830,a
707,45,d
707,139,c
707,61,e
707,890,a
707,468,e
707,334,a
707,423,e
707,730,d
707,180,a
707,752,e
708,821,a
708,465,e
708,794,b
708,745,d
708,85,a
708,173,c
708,151,a
708,752,c
708,367,c
708,454,a
708,581,d
709,650,e
709,151,e
709,320,b
709,693,a
709,520,a
709,315,d
709,69,b
709,410,b
709,203,e
709,815,a
709,133,d
710,414,b
710,459,e
710,905,b
710,668,e
710,677,a
710,868,d
710,133,b
710,461,e
710,58,c
710,76,c
710,904,d
711,116,c
711,460,c
711,994,d
711,870,a
711,461,e
711,64,c
712,469,c
712,69,e
712,482,a
712,830,c
712,72,a
712,499,a
712,474,e
712,485,c
712,898,b
712,887,a
712,428,e
712,563,b
712,202,a
713,832,b
713,504,c
713,368,e
713,222,b
713,666,d
713,488,a
713,931,b
713,284,b
714,97,d
714,897,c
714,35,e
714,322,e
715,832,d
715,899,b
715,802,d,a
715,802,d,a
715,501,b
715,470,c
715,62,e
715,670,e
715,230,d
715,785,b
716,199,c
716,561,c
716,108,a
716,511,b
716,30,e
716,104,b
716,684,c
716,196,d
716,368,a
716,613,c
716,541,a
716,388,e
716,2,d
717,865,d
717,55,d
717,57,a
717,597,c
717,810,d
717,555,c
717,13,a
717,435,a
717,204,c
717,520,c
718,164,d
718,988,e
718,964,e
718,700,b
718,603,b
718,84,e
718,617,b
718,81,b
718,835,d
718,786,c
719,502,c
719,921,b
719,97,a
719,556,c
719,378,a
719,286,a
719,81,a
719,659,e
719,231,c
719,458,e
719,166,e
719,361,b
719,471,b
720,879,a
720,11,b
720,498,a
720,915,d
721,759,e
721,337,c
721,244,d
721,62,a
721,146,a
721,849,b
721,421,e
721,96,c
721,106,c
722,960,b
722,577,d
722,142,a
722,760,a
722,627,e
722,32,e
722,988,b
722,68,d
722,668,d
722,294,c
722,414,a
722,812,b
722,764,a
723,586,e
723,578,a
723,336,a
723,721,e
723,283,b
723,593,a
723,663,a
723,442,b
724,138,d
724,362,d
724,77,d
724,90,e
724,18,e
724,267,e
724,183,c
724,397,a
724,851,b
724,127,c
724,661,e
724,935,b
724,591,b
724,841,d
724,290,b
724,801,b
724,89,a
725,300,b
725,609,e
725,842,e
725,739,d
725,634,b
725,5,b
725,733,d
725,179,c
725,765,b
725,352,c
726,176,b
726,932,c
726,61,e
726,297,d
726,894,c
726,976,c
726,311,b
726,443,c
726,103,b
726,920,e
727,497,e
727,703,d
727,977,c
727,486,c
728,658,a
728,822,d
728,131,b
728,961,c
729,320,e
729,94,a
729,229,e
729,997,c
729,220,d
729,474,c
729,897,a
729,187,d
729,888,c
729,357,d
729,6,b
729,948,c
730,202,a
730,690,e
730,803,a
730,871,e
730,726,b
731,316,d
731,38,a
731,98,a
731,644,e
731,510,c
731,935,e
731,305,e
731,30,d
731,825,e
732,600,e
732,978,a
732,873,b
732,136,e
732,332,e
732,702,c
732,875,b
732,459,b
732,721,c
732,714,d
732,456,a
733,203,d
733,108,d
733,950,c
733,679,e
733,794,c
733,256,a
733,696,b
733,25,c
733,105,a
733,943,d
734,237,c
734,233,a
734,624,d
734,751,a
734,293,a
734,144,c
734,35,d
734,26,e
734,2,b
734,216,c
734,552,a
734,925,a
734,414,a
734,341,e
735,507,e
735,720,c
735,240,d
735,839,d
735,791,b
735,319,e
735,981,b
735,272,c
735,536,d
735,781,b
735,263,c
735,677,d
735,929,c
735,364,a
735,367,c
736,310,c
736,511,d
736,167,d
736,858,c
736,46,b
736,941,c
736,872,a
736,602,e
736,995,b
737,238,c
737,348,a
737,40,b
737,735,a
737,464,a
737,249,a
737,945,c
737,747,e
738,459,b
738,301,b
739,435,b
739,65,c
739,498,b
739,953,e
739,262,b
739,539,d
739,222,b
739,809,d
739,584,c
739,188,e
739,951,d
740,282,d
740,416,b
740,209,c
740,168,b
740,214,b
740,747,d
740,839,c
740,893,c
741,648,e
741,775,e
741,133,e
741,354,e
741,24,b
741,126,c
741,957,d
741,360,b
741,472,b
742,930,e
742,814,b
742,601,d
742,128,a
742,278,e
742,65,c
742,21,c
742,307,b
742,482,b
742,769,c
742,461,a
742,924,d
743,621,c
743,44,e
743,628,e
743,712,e
743,806,d
744,499,b
744,282,e
744,910,e
744,965,c,e
744,965,c,e
744,1,a
744,173,c
744,63,d
745,198,a
745,463,e
745,77,e
745,6,a
745,752,e
745,365,d
745,596,e
745,774,d
745,181,d
745,41,d
745,710,b
745,240,d
745,274,b
745,141,b
745,732,c
746,873,a
746,711,d
746,679,b
746,354,c
746,396,a
746,194,e
746,836,a
747,489,d
747,437,b
747,231,a,d
747,231,a,d
747,234,d
747,270,e
747,490,b
747,80,e
747,341,e
748,312,a
748,819,a
748,619,a
748,640,e
748,620,c
748,59,c
748,617,d
748,980,d
749,920,c
749,488,e
749,234,e
749,649,d
749,126,e
749,262,d
749,20,e
749,724,e
749,232,e
749,626,d
749,270,a
750,659,a
750,400,e
750,897,e
750,21,d
750,914,a
750,688,b
750,103,d
750,12,b
750,79,e
751,790,c
751,449,a
751,959,a
751,652,d
751,297,b
751,24,c
751,4,e
752,900,e
752,500,d
752,396,a
752,160,e
752,249,e
752,433,c
752,658,d
752,147,b
752,961,b
752,509,d
753,567,c
753,302,c
753,534,a
753,672,e
753,796,b
753,129,d
753,899,e
753,613,b
753,914,c
754,236,d
754,591,a
754,216,b
754,404,d
754,260,a
754,163,a
754,539,a
754,781,d
755,788,b
755,76,a
755,958,d
755,266,a
755,28,c
755,676,b
755,551,c
755,659,e
755,403,a
755,605,d
755,16,b
755,749,c
755,793,d
755,407,b
755,909,a
756,418,e
756,276,a
756,499,a
756,145,b
756,286,e
756,94,b
756,54,d
756,393,c
756,911,d
757,257,d
757,671,e
757,934,c
757,58,e
758,167,e
758,912,b
758,381,b
758,183,d
758,524,c
758,262,b
758,139,c
758,496,e
758,106,a
758,288,d
758,519,d
758,103,b
758,762,d
759,523,e
759,384,c
759,159,d
759,988,e
759,751,d
759,170,c
759,633,d
759,230,a
760,851,d
760,132,d
760,984,c
760,215,c
760,861,b
760,913,d
760,693,d
760,972,e
760,156,a
760,66,d
760,632,b
760,315,c
760,893,a
761,84,d
761,616,e
761,439,d
761,258,d
761,246,d
761,934,a
761,625,c
761,644,d
761,532,e
761,586,e
761,703,b
761,933,b
761,59,c
762,589,a
762,974,e
762,270,d
762,347,b
762,436,b
762,761,d
762,491,b
762,771,c
762,620,d
762,269,b
762,451,a
763,913,d
763,987,e
763,657,e
763,759,e
763,262,c
763,78,e
763,933,c
763,205,c
764,421,a
764,776,e
764,426,a
764,645,e
764,566,a
764,546,b
764,534,e
764,865,c
764,327,a
765,653,c
765,485,a
765,65,a
765,367,c
765,694,b
765,155,b
765,365,a
766,65,c
766,908,b
766,882,a
766,669,d
766,838,d
766,436,a
766,740,a
766,787,b
766,407,b
766,966,c
766,258,e
767,611,c
767,183,a
767,284,a
767,596,d
767,301,a
767,310,d
767,251,e
767,5,d
768,471,a
768,89,c
768,905,c
768,851,e
768,368,c
768,217,c
768,144,b
768,423,b
768,294,a
768,875,a
769,382,e
769,868,e
769,475,a
769,757,e
769,133,a
769,997,d
769,336,e
769,192,c
769,237,c
769,515,c
769,186,c
769,302,d
770,223,d
770,957,e
770,754,b
770,452,c
770,15,e
770,500,e
770,989,d
770,465,e
770,241,c
770,405,e
771,868,e
771,629,c
771,270,b
771,913,d
771,892,b
772,240,b
772,23,c
772,150,a
772,604,a
772,260,e
772,905,b
772,93,a
773,313,b
773,971,d
773,541,a
773,610,e
773,441,c
773,888,b
773,513,c
773,802,d
773,166,b
773,741,b
773,645,d
774,353,e
774,795,d
774,708,e
774,974,d
774,273,d
774,755,c
774,392,b
774,52,e
774,35,d
774,480,a
774,672,e
774,50,d
774,823,a
775,718,b
775,998,a
775,499,d
775,946,e
775,249,c
775,723,b
775,974,c
775,578,a
775,218,b
775,321,a
775,711,c
775,767,e
775,170,c
776,279,b
776,482,c
776,246,e
776,77,c
776,986,d
776,394,a
776,452,c
776,272,b
776,175,b
776,111,e
776,200,a
776,696,d
776,797,d
777,944,c
777,557,a
777,11,e
777,725,a
777,272,b
777,567,d
777,508,b
777,843,c
777,496,e
777,249,d
777,526,a
778,182,c
778,147,e
778,255,a
778,360,d
778,739,b
778,574,b
778,974,a
778,941,e
778,729,a
778,282,b
778,225,e
779,308,c
779,225,a
779,234,e
779,797,c
779,72,a
779,549,a
780,39,d
780,825,b
780,864,b
780,856,a
780,662,a
780,367,b
780,333,e
781,367,d
781,511,e
781,575,a
781,60,d
781,980,a
781,541,d
781,470,a
781,685,b
781,168,d
781,450,e
782,38,b
782,464,a
782,966,c
782,392,c
782,231,d
782,22,e
783,407,b
783,995,d
783,963,b
783,349,a
783,852,b
783,551,c
783,939,c
783,789,e
783,72,b
783,113,e
783,543,e
783,828,a
783,842,b
783,114,b
783,978,a
784,489,d
784,553,a
784,642,e
784,817,b
784,250,a
784,939,b
784,296,b
784,630,e
784,633,e
784,422,c
784,403,a
784,598,d
784,449,b
784,681,e
784,652,b
785,107,c
785,503,a
785,376,e
785,496,d
785,297,a
785,55,e
785,614,a
785,196,e
786,543,d
786,421,c
786,338,a
786,470,a
786,272,e
786,467,c
786,182,e
786,429,d
786,480,c
787,192,d
787,936,d
787,149,b
787,249,d
788,919,a
788,563,a
788,882,e
788,52,b
788,319,b
788,695,a
788,292,b
788,940,e
788,830,c
788,609,e
788,314,c
788,235,e
789,869,a
789,185,d
789,894,c
789,576,b
790,762,d
790,658,d
790,192,d
790,908,b
790,740,b
790,684,d
790,878,d
790,385,e
790,677,d
790,344,e
791,891,e
791,997,c
791,167,d
791,231,d
791,318,d
791,396,b
791,402,d
791,606,a
791,550,d
791,980,c
791,274,a
792,673,e
792,282,c
792,844,b
792,112,b
792,368,c
792,480,c
792,193,b
792,773,b
792,430,e
793,174,c
793,190,d
793,169,b
793,447,d
793,443,b
793,60,a
793,404,e
793,722,b
793,203,c
793,339,b
793,376,d
793,445,d
793,125,e
794,421,a
794,56,a
794,667,d
794,584,a,e
794,584,a,e
794,46,a
794,493,e
794,971,d
794,228,d
794,769,b
795,729,b
795,886,c
795,745,b
795,289,b
795,605,d
795,756,d
795,429,d
796,921,c
796,377,d
796,590,c
796,485,d
796,781,e
796,761,c
796,632,b
796,355,d
796,789,a
796,764,b
797,628,b
797,982,c,d
797,982,c,d
797,98,d
797,189,c
797,203,b
797,431,a
797,667,e
798,687,b
798,202,e
798,634,a
798,201,e
798,905,e
798,308,b
798,727,a
798,712,e
799,130,a
799,142,d
799,783,b
799,935,e
799,193,c
799,681,d
799,774,a
799,2,a
799,805,b
800,621,b
800,968,a
800,260,d
800,974,d
800,191,c
800,983,d
800,154,e
800,26,b
800,869,e
800,647,b
800,768,b
800,845,c
800,489,c
800,463,e
800,666,b
801,311,b
801,339,e
801,971,c
801,777,c
801,639,a
801,421,a
801,287,b
801,243,a
802,573,e
802,198,c
802,683,b
802,972,d
802,491,b
802,265,b
802,305,e
802,92,a
802,365,c
802,471,b
802,572,e
802,42,e
802,189,d
803,953,e
803,182,c
803,925,e
803,234,a
803,84,e
803,659,d,c
803,659,d,c
803,888,d
803,330,b
803,557,c
803,648,a
803,536,a
804,146,a
804,697,b
804,775,d
804,191,e
804,811,b
804,843,e
804,824,c
805,725,e
805,642,d
805,610,d
805,606,d
805,539,c
805,369,e
805,825,e
805,648,e
805,260,b
805,192,d
805,704,c
805,406,c
805,258,a
805,684,c
806,909,d
806,727,e
806,498,e
806,976,c
806,821,b
806,544,a
806,51,d
806,830,d
806,205,c
806,78,b
806,59,c
806,671,d
806,634,a
806,401,c
806,430,b
806,823,e
806,835,e
806,917,e
806,921,d
806,812,b
807,88,a
807,335,a
807,638,d
807,528,a
807,757,b
807,116,c
807,754,b
807,183,b
807,483,b
807,740,d
807,984,e
807,343,b
807,776,d
807,874,e
807,51,e
808,742,e
808,857,a,e
808,857,a,e
808,853,e
808,80,b
808,345,c
808,594,c
808,593,e
808,256,b
808,702,b
808,826,a
808,843,e
808,380,d
808,77,b
808,550,e
808,145,c
808,597,a
808,114,b
808,274,b
809,757,e
809,820,a
809,307,b
809,163,b
809,566,b
809,500,a
809,375,a
809,186,c
809,248,b
809,976,b
809,174,d
809,830,b
809,179,d
810,613,d,b
810,613,d,b
810,385,c
810,790,a
810,823,b
810,516,b
810,403,b
810,69,a
810,956,c
810,48,e
811,415,b
811,595,c
811,122,b
811,233,c
811,135,a
811,159,d
811,930,c
812,101,b
812,277,e
812,582,a
812,968,d
812,612,e
812,424,a
813,204,a
813,918,b
813,462,e
813,677,e
813,668,b
813,456,e
813,490,c
813,646,b
813,413,e
813,849,d
813,256,c
814,769,d
814,576,b
814,170,a
814,631,e
814,111,c
814,196,b
814,727,d
814,348,d
814,274,a
815,98,e
815,349,e
815,910,b
815,137,d
815,515,a
815,255,a
815,592,c
815,116,d
815,700,d
815,952,a
816,621,a
816,250,b
816,827,d
816,743,d
816,817,e,a
816,817,e,a
816,469,a
816,461,d
816,920,a
816,814,a
816,306,e
817,3,b
817,799,b
817,24,c
817,369,b
817,16,b
817,686,e
817,446,e
817,475,e
817,343,d
817,272,e
817,893,a
818,749,b
818,883,b
818,0,b
818,81,d
818,776,d
819,926,a
819,348,c
819,736,d
819,602,d
819,869,e
819,285,e
819,965,c
820,251,e
820,151,c
820,650,c
820,919,a
820,41,d
820,370,c
820,141,b
820,994,a
820,646,a
820,708,d
821,840,d
821,903,e
821,79,e
821,495,b
821,858,e
821,344,e
821,458,a
821,551,a
821,813,d
821,547,b
821,514,c
822,246,b
822,908,d
822,771,c
822,292,d,e
822,292,d,e
822,469,a
822,927,a
822,842,a
822,804,c
822,431,e
822,939,c
823,153,d
823,978,c
823,794,b
823,242,b
823,993,d
823,444,c
823,921,b
823,888,e
823,654,c
823,959,b
824,970,c
824,549,c
824,633,b
824,905,c
824,50,d
824,868,e
824,74,e
824,628,a
824,446,b
824,702,d
824,879,e
825,844,e
825,761,b
825,273,a
825,139,b
825,467,e
825,295,e
825,512,c
825,145,c
825,151,d
825,570,a
825,180,c
826,487,c
826,321,e
826,448,b
826,481,d
826,692,b
826,721,d
826,896,c
826,454,d
826,38,b
826,207,d
827,878,d
827,566,c
827,691,a
827,339,c
827,824,d
827,833,a
828,922,d
828,188,b
828,461,e
828,925,b
828,163,a
828,918,c
828,293,d
828,348,a
828,568,b
828,340,c
828,24,a
828,36,a
828,752,d
829,373,a
829,433,c
829,167,a
829,182,d
829,123,c
829,199,c
829,147,e
829,872,c
829,323,b
829,22,a
829,128,b
830,400,b
830,435,e
830,144,c
830,548,c
830,352,e
830,705,c
830,503,c
830,682,b
830,53,c
830,635,a
830,686,d
830,195,b
830,766,a
830,748,c
831,421,e
831,894,a
831,263,c
831,66,e
831,120,b
831,305,a
831,613,e
831,487,c
831,609,b
831,555,b
831,122,a
831,380,e
832,360,d
832,535,b
832,124,c
832,734,b
833,19,d
833,261,e
833,155,e
833,572,a
833,560,c
833,860,b
833,742,d
833,760,e
833,54,a
833,712,e
833,366,c
834,468,c
834,846,b
834,292,a
834,32,b
834,459,d
834,551,b
834,120,b
834,79,b
834,741,a
834,321,a
834,742,d
835,487,e
835,492,a
835,217,b
835,699,e
835,902,d
835,105,e
836,76,c
836,817,b
836,660,a
836,756,a
836,590,d
836,807,c
836,27,c
836,946,c
836,254,d
836,25,e
836,468,a
836,748,b
836,670,e
837,251,e
837,45,b
837,227,b
837,374,c
837,662,c
837,569,a
837,550,c
837,988,a
838,781,c
838,96,e
838,768,b
838,642,d
838,794,d
838,117,e
838,189,e
838,820,e
838,540,d
838,666,b
838,70,c
838,226,c
838,192,b
839,983,d
839,223,b
839,643,e
839,276,a
839,38,e
839,890,c
839,761,a
839,684,b
839,842,b
839,231,d
839,414,a
840,339,c
840,501,b
840,765,e
840,297,a
840,568,c
841,834,b
841,402,b
841,767,e
841,242,a
841,118,c
841,640,d
841,460,b
841,874,e
841,166,c
841,434,c
841,371,e
842,245,a
842,501,d
842,203,a
842,823,e
842,301,a
842,32,c
842,368,c
842,702,e
843,84,e
843,46,e
843,268,d
843,857,d
843,185,d
843,666,a
843,301,a
843,766,b
843,782,c
844,253,a
844,907,e
844,848,c
844,625,e
844,430,a
844,760,c
844,508,c
844,814,b
844,52,c
844,196,a
844,150,e
844,353,d
844,743,c
844,84,e
844,597,e
845,52,a
845,97,a
845,782,c
845,691,b
845,448,d
845,308,b
845,420,a
845,775,a
845,778,a
845,592,b
846,201,d
846,905,d
846,396,a
846,967,b
846,774,a
846,890,a
847,7,a
847,910,c
847,933,b
847,199,c
847,307,a
847,608,c
847,110,e
847,745,b
847,811,c
847,541,e
847,993,c
848,595,b
848,694,a
848,10,a
848,794,a
848,277,b
848,701,a
848,873,c
848,416,e
848,20,d
848,662,d
848,671,b
849,359,a
849,360,b
849,782,a
849,691,b
849,677,e
849,355,b
850,642,c
850,289,d
850,451,a
850,692,b
850,799,c
850,73,e
850,776,b
850,491,e
850,936,b
850,204,b
850,563,b
850,515,d
850,474,c
851,425,d
851,341,a
851,471,d
851,242,e
851,110,d
851,346,e
851,983,e
851,67,b
851,724,c
851,618,a
851,766,c
852,443,d
852,625,a
852,67,c
852,589,d
852,706,a
852,68,c
852,813,c
852,764,d
852,445,a
852,185,b
852,823,d
852,907,b
852,262,c
853,532,a
853,642,d
853,824,e
853,208,c
853,120,a
853,517,a
853,204,e
853,513,e
853,402,d
853,756,a
853,40,b
853,768,e
853,778,c
854,894,e
854,332,a
854,932,e
854,36,a
854,284,e
854,141,a
854,403,e
854,720,c
854,657,a
854,207,c
855,633,e
855,526,a
855,282,d
855,770,e
855,781,b
855,187,a
855,311,a
855,785,a
855,172,c
856,957,c
856,58,b
856,26,d
856,75,d
856,352,a
856,516,a
856,222,d
856,328,c
856,442,b
857,977,d
857,943,a
857,708,b
857,880,d
857,140,a
857,125,b
857,323,b
857,401,b
857,356,e
858,55,a
858,888,e
858,532,a
858,747,a
858,194,d
858,961,a
858,20,a
858,419,a
858,918,c
858,611,a
858,156,b
858,806,c
859,328,e
859,162,b
859,296,b
859,595,a
859,76,a
859,140,a
859,120,e
859,560,c
859,563,b
859,103,c
859,319,b
860,196,d
860,103,b
860,718,c
860,591,b
860,357,d
860,553,e
860,714,c
860,792,c
860,488,c
860,733,a
861,114,c
861,669,e
861,762,a
861,308,e
861,51,e
861,803,d
861,599,e
861,747,e
862,902,a
862,870,a
862,900,a
862,306,b
862,297,b
862,810,b
862,105,d
862,95,d
862,41,c
863,851,b
863,403,a
863,56,a
863,59,e
863,136,c
863,935,b
863,419,d
863,813,b
863,807,c
863,455,b
863,633,c
863,736,c
863,916,d
863,798,d
864,85,d
864,436,b
864,93,d
864,895,a
864,694,a
864,290,e
864,750,e
865,218,a
865,250,b
865,421,a
865,757,c
865,574,d
865,820,d
865,952,b
865,365,d
865,977,c
865,399,a
865,818,a
865,224,d
865,134,e
865,453,a
865,815,e
865,670,c
866,615,e
866,648,e
866,362,a
866,185,a
866,35,c
866,446,d,b
866,446,d,b
866,139,c
866,917,e
866,223,c
866,765,e
866,491,a
866,659,c
866,674,a
866,308,b
867,1,b
867,707,b
867,457,d
867,178,a
867,194,b
867,93,a
867,240,c
867,688,c
867,873,a
867,427,e
867,95,b
867,751,b
868,872,d
868,55,c
868,322,a
868,665,c
868,197,e
869,374,b
869,363,e
869,913,d
869,674,a
869,784,c
869,507,b
869,705,d
870,732,e
870,490,a
870,367,d
870,26,c
870,383,a
870,643,d
870,746,a
870,470,c
870,582,d
871,589,b
871,625,e
871,198,c
871,672,a
871,736,c
871,819,c
872,118,b
872,191,b
872,27,d
872,94,d
872,343,b
872,446,a
872,732,b
872,261,b
872,420,a
872,284,b,c
872,284,b,c
872,134,b
872,474,b
872,412,d
872,749,d
872,742,c
872,532,b
872,769,c
872,410,b
873,547,c
873,842,d
873,623,d
873,429,d
873,399,b
873,433,d
873,625,a
873,785,d
873,81,e
873,823,c
873,682,b
873,258,a
874,387,d
874,512,b
874,899,b
874,123,b
874,404,b
874,378,d
874,141,d
874,74,a
874,316,b
874,80,e
874,212,a
874,93,a
875,184,d
875,478,e
875,543,c
875,310,e
875,991,b
875,857,b
875,433,b
875,792,c
875,222,d
875,181,d
875,889,d
875,283,e
875,887,e
875,501,a
876,587,c
876,132,e
876,710,e,b
876,710,e,b
876,941,a
876,401,b
876,955,c
876,127,d
876,877,b
877,644,c
877,818,d
877,152,d
877,371,d
877,979,d
877,316,b
877,917,e
877,740,c
877,313,a
878,897,c
878,537,a
878,151,c
878,287,e
878,189,b
878,155,e
878,501,a
878,277,d
878,570,e
878,455,e
879,289,d
879,153,d
879,805,a
879,227,a
879,287,e
879,641,e
879,439,a
879,168,d
879,455,a
879,821,c
879,462,a
879,993,b
879,582,d
880,343,d
880,479,c
880,535,e
880,513,d
880,744,a
880,902,b
880,212,b
880,591,a
880,944,e
881,121,d
881,623,a
881,125,b
881,60,c
881,380,b
881,964,d
881,410,b
881,393,e
881,876,b
881,840,c
882,330,a
882,748,e
882,883,c
882,352,b
882,92,d
882,23,d
882,51,b
882,654,a
882,123,b
882,339,e
883,389,d
883,305,a
883,696,d
883,469,a
883,314,b
883,225,c
883,297,b
883,144,c
884,996,b
884,500,d
884,86,e
884,831,e
884,530,a
884,900,d
884,933,e
884,653,a
884,731,a
884,567,e
884,111,d
884,820,c
884,826,c
884,846,b
885,601,a
885,422,a
885,37,a
885,736,c
885,981,e
885,303,b
885,490,e
885,743,c
885,379,b
885,942,b
885,628,e
885,263,c
885,507,e
886,971,a
886,496,e,c
886,496,e,c
886,342,e
886,397,b
886,805,c
886,48,c
886,520,d
886,710,b
886,593,e
886,0,e
886,527,b
886,674,c
886,834,a
886,554,a
886,261,d
887,611,e
887,255,c
887,210,b
887,815,b
887,552,b
887,825,d
887,436,b
887,352,e
887,282,e
887,427,d
887,533,e
888,737,d
888,444,d
888,524,e
888,390,a
888,786,b
888,271,e
889,175,c
889,120,e
889,129,d
889,997,c
889,435,b
889,156,e
890,58,e
890,996,d
890,951,d
890,570,a
890,913,a
890,195,b
890,543,a
890,292,a
890,399,b
890,965,e
891,989,c
891,469,a
891,540,b
891,655,e
891,70,b
891,659,b
891,444,e
891,160,b
891,214,e
891,413,a
891,330,a
891,176,a
892,225,a
892,613,c
892,877,c
892,419,d
892,551,e
892,844,b
892,796,b
892,110,c
892,624,e
893,497,a
893,323,b
893,382,d
893,861,d
893,158,a
893,310,e
893,16,e
893,870,a
893,429,e
893,255,d
894,115,c
894,949,d
894,342,c
894,994,e
894,52,c
894,435,b
895,982,e
895,471,e
895,346,a
895,751,c
895,506,c
895,486,c
895,140,c
895,527,e
895,450,d
895,830,e
895,5,d
895,938,a
895,760,a
895,699,e
895,199,c
896,269,d
896,736,a
896,567,b
896,231,a
896,425,b
896,182,a
896,962,c
897,160,d
897,656,a
897,782,a
897,158,e
897,240,d
897,366,a
897,59,c
897,527,c
897,998,a
898,559,e
898,723,e
898,751,c
898,534,d
898,8,d
898,458,b
898,730,b
898,189,a
899,365,d
899,48,b
899,377,c
899,305,c
899,296,b
900,680,c
900,201,d
900,747,b
900,134,d
900,243,e
900,821,e
901,44,c
901,317,e
901,616,d
901,227,c
901,449,e
901,458,c
901,357,b
901,177,c
901,653,b,e
901,653,b,e
901,874,a
901,235,e
902,884,b
902,350,c
902,288,c
902,208,e
902,965,e
902,50,b
902,269,c
902,48,b
902,909,e
902,855,e
902,885,b
902,717,a
903,643,e
903,525,d
903,42,e
903,700,e
903,597,c
903,194,c
903,925,d
903,173,b
903,979,a
903,245,a
903,625,e
903,716,e
903,803,c
903,283,e
903,98,d
903,638,a
903,396,a
904,269,d
904,150,a
904,313,c
904,772,c
904,387,b
904,941,a
904,579,c
905,239,c
905,17,d
905,463,b
905,814,d
905,278,e
905,642,c
905,464,d
905,178,e
905,487,c
906,852,c
906,90,b
906,562,d
906,194,c
906,976,b
906,611,d
906,522,b
906,248,a
907,224,a
907,115,c
907,748,a
907,485,e
907,546,b
907,92,a
907,310,d
907,184,e
907,574,c
907,205,e
908,741,a
908,307,d
908,635,a
908,348,d
908,101,a
909,678,d
909,523,a
909,134,a
909,579,e
909,516,e
909,313,a
909,878,e
909,787,d
909,423,c
910,470,c
910,666,e
910,524,b
910,260,c
910,91,e
910,929,c
910,866,b
910,418,c
910,742,c
910,248,e
911,185,c
911,187,b
911,207,e
911,259,d
911,656,e
911,946,c
911,815,c
911,473,e
911,920,d
912,797,a
912,445,b
912,628,d
912,788,d
912,79,b
912,31,a
912,19,d
912,241,d
912,32,b
912,824,c
913,294,e
913,856,d
913,812,b
913,317,e
913,404,b
913,762,b
913,622,d
913,313,c
913,73,d
913,760,e
913,700,a
914,321,d
914,853,e
914,309,d
914,576,c
914,738,a
914,206,c
914,705,b
914,974,b
914,417,d
914,637,d
914,441,b
914,707,a
914,759,a
914,244,c
914,331,d
914,933,d
915,462,d
915,961,c
915,239,d
915,0,a
915,642,e
915,259,a
915,309,b
915,183,a
915,714,e
915,78,d
915,848,c
915,894,b
915,750,a
915,3,e
916,878,b
916,132,c
916,802,c
916,100,e
916,924,e
916,720,d
916,123,d
916,408,c
916,710,b
917,531,b
917,977,a
917,313,a
917,994,e
917,80,d
917,306,d
917,1,e
917,68,e
918,997,a
918,91,d
918,438,b
918,312,c
918,700,e
918,870,c
918,235,a
918,22,b
918,756,b
918,460,b
918,71,b
918,568,e
919,561,d
919,864,c
919,402,a
919,779,b
919,908,b
919,526,a
919,496,c
919,371,c
919,933,c
919,41,a
919,267,c
919,642,c
919,259,b
920,311,a
920,796,d
920,155,e
920,917,d
920,443,e
920,453,a
921,580,a
921,967,a
921,656,b
921,391,e
921,395,d
921,848,b
921,432,e
922,867,c
922,655,d
922,166,c
922,183,d
922,162,c
922,91,e
922,26,e
922,305,c
922,605,e
922,761,c
922,301,c
923,420,a
923,823,b
923,770,a
923,866,c
923,341,a
923,245,c
923,467,b
923,382,c
923,732,e
924,636,d
924,404,e
924,803,e
924,595,e
924,82,e
924,606,a
924,456,b
924,795,d
925,984,b
925,659,b
925,896,d
925,617,d
925,762,c
925,415,e
926,584,b
926,411,e
926,971,d
926,292,a
926,68,b
926,993,d
926,325,d
926,112,b
926,838,b
926,485,a
926,311,b
926,728,a
927,620,a
927,234,b
927,326,e
927,8,d
927,977,a
928,868,b
928,196,a
928,125,c
928,489,b
928,777,c
928,897,d
928,214,d
928,187,a
928,614,e
928,199,c
929,973,c
929,311,a
929,903,e
929,995,d
929,799,e
930,87,d
930,642,b
930,501,a
930,625,e
930,805,e
930,475,b
930,647,a
930,62,e
930,779,d
931,38,b
931,816,b
931,758,b
931,389,a
931,500,d
931,959,c
931,547,a
931,49,b
931,729,b
931,580,d
931,334,a
931,548,c
932,811,d
932,704,b
932,774,e
932,420,c
932,376,c
932,257,e
932,361,b
932,344,b
932,550,d
933,0,b
933,749,a
933,233,a
933,144,d
933,809,b
933,968,b
933,116,e
933,235,a
933,676,e
933,845,a
933,72,c
933,328,c
934,935,b
934,712,b
934,23,a
934,586,b
934,840,b
934,634,b
935,676,d
935,210,a
935,47,a
935,397,a
935,43,c
935,891,d
935,529,c
935,191,a
935,506,e
935,572,b
935,985,c
935,702,e
935,145,b
936,719,b
936,559,e
936,90,d
936,550,e
936,796,a
936,125,b
936,333,b
936,656,b
936,840,e
937,646,c
937,751,d
937,449,d
937,128,d
937,139,e
937,151,e
937,99,e
937,180,d
937,488,e
937,734,b
937,87,a
937,258,a
938,47,a
938,649,a
938,585,b
938,642,d
938,803,a
938,212,c
938,125,a
938,628,d
938,393,d
938,726,d
938,529,e
938,805,d
939,602,c
939,506,d
939,19,e
939,254,b
939,337,a
939,388,e
939,272,b
939,458,e
940,5,c
940,56,e
940,636,a
940,746,c
940,712,a
940,218,a
940,915,c
940,621,b
940,747,e
941,52,a
941,153,d
941,227,b
941,269,c
941,920,a
941,204,d
941,78,c
941,618,d
941,805,e
941,416,c
942,363,d
942,431,a
942,633,c
942,273,c
942,99,d
942,220,c
942,523,d
942,17,b
943,138,e
943,812,e
943,492,a
943,275,c
943,407,c
943,899,b
943,331,b
943,765,d
944,795,d
944,107,c
944,142,d
944,554,b
944,384,b
944,237,d
944,536,a
945,656,b
945,219,c
945,821,a
945,257,a
946,909,d
946,878,c
946,948,b
946,1,a
946,192,b
946,925,d
946,648,b
946,102,e
946,374,c
946,793,d
946,229,d
947,275,c
947,585,b
947,800,b
947,174,c
947,246,d
947,92,e
947,793,c
947,453,b
947,904,b
947,645,a
947,265,d
948,722,a
948,549,d
948,336,e
948,160,a
948,162,d
948,985,c
948,635,a
948,15,c
948,285,c
948,518,b
948,880,d
948,139,b
948,827,d
948,657,e
949,669,c
949,285,c
949,197,b
949,682,b
949,648,e
949,566,d
949,704,b
949,714,c
950,555,a
950,300,c
950,842,a
950,199,e
950,869,d
950,276,e
950,665,c
950,540,b
951,846,b,e
951,846,b,e
951,486,e
951,744,d
951,898,a
951,560,a
951,941,b
951,977,b
952,719,c
952,564,d
952,223,c
952,659,d
952,991,b
952,790,e
952,81,e
953,223,d
953,370,e
953,28,a
953,727,c
953,377,a
953,364,e
953,301,e
954,706,d
954,865,c
954,349,e
954,553,c
954,418,e
954,895,c
954,458,e
954,795,c
954,757,e
954,20,a
955,208,e
955,213,c
955,744,e
955,419,d
955,395,c
955,685,c
955,363,d
955,453,a
955,623,c
955,253,a
955,214,d
956,509,b
956,850,b
956,388,b
956,626,d
956,161,a
956,914,d
957,108,d
957,89,e
957,522,b
957,123,a
957,844,c
957,389,b
957,62,d
957,509,d
958,465,a
958,371,e
958,815,b
958,145,a
958,676,e
958,875,c
958,85,e
958,618,e
958,481,a
958,954,d
959,98,e
959,335,a
959,92,c
959,316,a
959,928,b
959,552,e
960,540,b
960,459,a
960,551,d
960,337,b
960,923,e
960,18,a
960,190,a
960,801,e
960,317,c
960,39,e
960,365,a
960,914,b
960,652,d
960,344,d
961,952,c
961,69,e
961,84,c
961,380,e
961,424,e
961,940,e
961,512,c
961,52,d
961,969,a
962,201,d
962,461,b
962,399,d
962,987,c
962,415,c
962,47,c
962,682,c
962,797,b
962,173,e
962,617,a
962,140,e
963,573,e
963,903,e
963,462,d
963,399,c
963,941,c
963,515,b
963,33,d
964,13,c
964,702,b
964,598,b
964,837,c
964,472,c
964,674,a
964,914,e
964,602,a
964,845,e
964,359,b
964,841,e
965,47,b
965,718,c
965,517,b
965,81,d
965,322,d
965,649,e
965,228,c,e
965,228,c,e
965,935,d
965,279,b
965,456,a
965,749,c
965,433,a
965,574,b
966,431,c
966,936,a
966,808,a
966,124,a
966,810,d
966,48,a
966,109,e
966,977,b
966,705,a
966,202,c
966,247,c
966,83,c
967,927,b
967,488,c
967,73,b
967,573,a
967,349,a
967,904,b
967,851,b
968,515,b
968,600,a
968,667,e
968,113,a
968,616,a
968,475,c
968,79,a
968,872,b
968,701,e
968,138,d
968,451,b
968,853,b
968,287,a
969,284,b
969,641,a
969,958,c
969,207,c
969,117,d
969,991,c
969,95,a
969,993,b
970,315,d
970,335,b
970,869,e
970,105,a
970,954,e
970,379,b
970,281,b
970,165,b
970,363,c
971,783,b
971,40,a
971,571,a
971,592,d
971,300,d
971,458,a
971,722,d
971,634,d
971,254,d
971,262,a
971,394,b
971,140,e
971,355,a
972,324,a
972,984,b
972,471,b
972,170,e
972,469,c
972,603,b
972,973,c
972,105,e
972,152,a
972,221,b
972,679,b
972,870,b
972,606,b
972,609,a
973,814,c
973,873,b
973,484,e
973,759,c
973,434,a
973,370,b
973,805,e
973,30,e
973,125,a
973,791,a
974,831,d
974,443,d
974,242,e
974,449,b
974,945,b
974,435,e
974,329,e
974,879,a
974,986,c
974,145,a
974,135,e
974,490,c
974,969,d
975,404,c
975,714,d
975,299,c
975,185,a
976,858,d
976,529,d
976,297,b
976,27,e
976,563,e
976,174,b
976,98,c
976,149,c
976,555,d
976,455,e
976,760,c
976,486,b
976,776,d
976,446,b
976,488,b
976,141,d
977,649,d
977,56,d
977,713,a
977,361,e
977,773,e
977,478,c
977,876,b
977,237,c
977,828,a
977,447,b
977,170,c
977,100,e
977,538,a
978,805,d
978,903,a
978,587,a
978,191,a
978,159,e
978,221,c
978,163,c
978,347,b
978,314,e
978,19,b
979,660,a
979,637,e
979,509,e
979,287,b
979,545,c
979,796,e
979,233,b
979,868,a
979,252,d
980,552,c
980,896,b
980,911,e
980,225,c
980,877,a
980,715,b
980,363,c
980,580,e
980,954,e
981,583,b
981,140,a
981,388,d
981,197,b
981,880,a
981,502,a
981,886,c
981,630,d
982,832,b
982,161,d
982,461,e
982,801,d
982,624,e
982,232,c
982,749,b
982,292,b
983,946,d
983,226,e
983,941,a
983,97,e
983,514,a
983,277,a
983,693,a
983,619,c
983,359,a
983,310,a
983,492,c
983,147,d
984,92,e
984,94,b
984,174,d
984,313,e
984,95,a
984,565,b
985,202,d
985,828,c
985,305,a
985,143,a
985,520,e
986,139,e
986,12,b
986,497,d
986,923,d
986,918,e
986,741,b
986,696,d
986,910,b,c
986,910,b,c
986,554,b
986,906,a
986,341,b
986,596,a
986,774,b
986,306,a
986,820,e
986,212,e
986,264,e
986,522,c
986,443,e
987,89,d
987,582,e
987,534,c
987,984,b
987,331,b
987,928,c
987,586,a
987,455,a
987,526,e
987,986,c
987,812,e
987,780,a
987,572,d
988,588,e
988,673,a
988,89,e
988,939,d
988,100,a
988,424,b
988,79,b
988,246,b
988,350,a
988,796,d
989,701,c
989,711,b
989,920,b
989,66,d
989,830,c
989,641,c
989,967,e
989,332,d
989,242,e
989,226,b
989,744,c
989,763,b
989,315,a
990,531,d
990,362,e
990,812,c
990,167,e
990,41,b
990,103,b
990,396,c
991,832,a
991,62,c
991,441,d
991,304,e
991,502,e
991,804,a
991,889,b
991,903,d
992,37,a
992,847,c
992,605,e
992,744,c
992,253,e
992,436,d
992,444,e
992,184,a
992,968,a
992,504,c
993,599,d
993,108,a
993,152,a
993,215,d
993,721,c
993,269,b
993,831,d
993,572,b
993,913,b
994,380,e
994,651,a
994,567,c
994,820,c
994,365,a
994,407,c
994,420,d
994,740,c
994,34,e
994,391,b
994,927,d
995,826,a
995,571,a
995,113,c
995,714,c
995,45,b
995,944,c
995,95,c
996,473,d
996,152,b
996,578,e
996,266,d
996,5,b
996,726,d
996,244,d
996,103,c
997,22,a
997,65,c
997,724,c
997,937,d
997,484,c
997,499,b
997,345,d
997,131,b
997,621,b
997,259,a
997,366,b
997,217,d
998,193,c
998,141,a
998,245,b
998,276,b
998,735,b
999,957,b
999,981,c
999,616,d
999,529,d
999,467,c
999,453,d
999,668,b
999,634,b
999,839,c
999,945,c
